perceptr_var,chroma_stft_mean,rms_mean,rms_var,spectral_bandwidth_mean,mfcc4_mean,mfcc1_mean,rolloff_mean,spectral_centroid_mean,mfcc9_mean,mfcc6_mean,mfcc8_mean,label_encoded
0.09582580828156279,-0.3514246480795559,-0.009782894116008786,-0.06139684509901978,-0.45672203875139955,0.3637000147252543,0.308655254053259,-0.4873293759833935,-0.5844427495381755,-0.6367021511757971,0.3361715235287076,0.4982780727465572,0
0.9102802233933415,-0.4650797920118344,-0.5319862480516512,-0.18681790406507504,-0.38722092101883954,-0.026328860352916917,-0.6285954554166305,-0.6493143527090782,-0.9391365019561989,-0.37461622089100477,0.5809664798992364,1.265961664694212,0
0.8991997238548434,-0.18718156785938067,0.6801945030517995,-0.08273487579199347,-0.9406301903648541,-0.2772990277726612,0.5365855815716394,-0.9721947092557786,-0.9076007585143263,-0.5768181766927225,0.9386943268274751,0.1440770139005135,0
1.1344006681142653,0.3188855646692811,0.15560778171605225,0.907273558804237,-1.2281941590644971,-0.5673486442104563,-0.549277660141833,-1.5169085327045275,-1.5819986895595737,0.7539826413581289,-0.03465181133159004,-0.08033262768230827,0
0.8650890363533957,-0.8609935069716366,-0.599120911726554,-0.20537941992089076,-0.9393823664503699,-0.8504708637789765,-0.15790296040967275,-0.6307383122760788,-0.5131774787176802,-0.5790175437648818,-0.32037128689947153,-0.9209267557829077,0
1.2323996038597795,-0.9345351499475838,-0.4170371269677528,0.2559079728844793,-0.9751635190707126,-0.33287645266097426,-0.3320072523445423,-0.6933002161033899,-0.5175324253556071,-0.19075729556089022,-0.2300951635516219,-0.6635905871728163,0
2.024712623391297,-1.070443140857833,0.1664503970636655,1.5773656737296318,-1.6222136760308257,-0.196281665258969,-0.4544167222834832,-1.128774015901018,-1.0380470064269343,0.060913395278048274,-1.2870835921527066,-0.941460446042717,0
1.5328501838133708,-0.8751337986930984,0.014337046015491694,0.6827591444191677,-1.2640237573615203,0.2197089639951597,-0.3476794196859675,-1.0275155540418668,-1.0486800656537247,-0.5250748546840259,-0.31458972604929464,-0.15522783246602825,0
0.31663718275380914,0.36859736507702995,0.175215411974355,-0.4261767307522566,-0.4008231933608898,0.5893204157643233,0.2309114011651025,-0.5021182737768631,-0.6747845209408256,-0.583387180002723,0.46716636366237463,1.2340496726389227,0
0.6159074814078931,-1.2842819056162784,-0.7548330805147735,0.35637874082114984,-0.5111071835285785,0.16267102909275807,-0.6858773587685498,-0.3996009572414436,-0.5381844096761175,-0.857653783710593,-0.13180347558995129,-0.10611376089793031,0
1.5444274057998792,-0.9167995532505914,0.1822361688075836,1.6914782535465902,-1.3880371289581097,-0.5598804600094275,-0.2921794150976475,-1.147794357984465,-1.10713320242422,0.49791740599045187,-0.8826926420598395,-0.4087071473324874,0
0.5525406861769473,-0.15840198014192555,-0.9921157091060935,-0.15196910863214685,-0.9232849154217204,-0.1586488583738306,-1.4309645012608048,-1.0747807867609103,-1.187165666451749,0.9399740085755051,0.005144427403505622,-0.13940446969646084,0
1.2490808224151446,-1.3409873599433146,-0.180334830970429,0.2763216271620325,-1.2835345981741115,1.4813572841325697,-0.6257462335206209,-1.165032204160759,-1.176067878509808,-1.3154375029011205,-0.1842994381368928,-1.114611343443698,0
0.32167467822989904,-1.3952197177295904,-0.26960720559997425,0.3141450082621628,-0.7884296694906265,0.6430039443432618,-0.6513478189261495,-1.1824022829711147,-1.2265874294957109,-1.7558146371081689,0.0652479403005116,-0.32510759701794584,0
1.0258214235892236,-0.6115273803238624,-0.9724244994975161,-0.0935202123346679,-1.0211692522268934,0.525087331827946,-1.607911728502554,-1.4152057691949285,-1.4397444137883695,-0.002498549442646596,-0.004455291979898882,-0.9464437131818165,0
0.5779409368950218,-1.3361678164493904,-0.7651129140178461,-0.060777089288949156,-0.9721306675264477,0.359536828768866,-0.9378935451169107,-1.0434469417936303,-1.092581184771163,-1.1985915391410173,-0.061792131078477294,-0.786905687339531,0
0.6251081564057417,-0.8651873966034337,-0.7526693260082541,-0.11332955239965681,-0.7918629835663346,0.19265626983334186,-0.8905264909082523,-0.9927753964211548,-1.0441905628002144,-0.9615633736466169,0.3535940156116787,-0.5450398552601552,0
1.520678071099054,-0.9381460105301009,-0.5720785889902972,-0.24791089180291645,-1.5805356737543663,1.4467501367426656,-1.009416867953813,-1.5483270065576074,-1.555658827677994,-1.1322340652650522,-0.40673961445685264,-0.9180959338054532,0
-0.026178815583604898,-1.3320349243945977,-0.7793597958289813,-0.026336381422200895,-0.3587597224493705,0.38314524553310525,-1.077217931302572,-0.684493522674875,-0.9290352963668906,-1.1634308846311479,0.5887637385067322,-0.4249504437256463,0
1.2914839398311475,-1.4866532483829675,-0.5059634532265106,-0.1305216380252968,-1.4474800037421365,0.6813142962801514,-0.9195312165631953,-1.4846807951309897,-1.40686738240365,-0.9639705311629565,-0.48620401456419987,-1.33021061892162,0
0.3027248827140396,-0.9325584854943721,-0.844034155224653,-0.15381301704024036,-0.6300112293694442,0.20779855525892457,-0.8565087592507935,-0.9952296341093413,-1.1345750104408587,-1.3420228474124702,0.2338340778151408,-0.18033939475826166,0
1.6297641414127306,-0.7044067250313788,-0.4531224428912417,0.04941679292771884,-1.4474169006495667,0.7335095190485315,-1.1988532526942766,-1.7415559100594105,-1.6146627767409891,-1.067142289951749,0.5021401855448977,-0.847289685709466,0
1.551774645579605,-0.8844540569802586,-0.265807574987896,0.17508255029275832,-1.4153394468455898,0.7579253946951072,-0.8924255397613664,-1.5265932508232125,-1.462236742283218,-0.7827051831317575,-0.055192852025815316,-0.928866576448542,0
1.353409727256026,-1.2005101850720676,-0.44016048313664474,0.13947796986103278,-1.4158335312246073,1.6371090785436082,-0.8254951191136434,-1.302776294410238,-1.3864078575399685,-0.0745126080425167,-0.22422303612296965,-1.1469227934152775,0
1.522163865355353,-1.4177656715384284,-0.6688752380481456,-0.1484393686332112,-1.5099971659850078,2.0461131172884635,-1.2957023493119892,-1.4284025860742946,-1.5121204449780643,0.7763351943088213,-0.43683390847276454,-1.0862808126043346,0
1.1265901826271056,-1.0762942538166809,-0.6346995716397009,0.017311096825045783,-1.4815165568895046,1.8249438258340123,-1.0456207360346874,-1.4797881876707033,-1.5272741764044842,1.0155089259329477,-0.8464874104031702,-0.8493414433489017,0
0.7695441568067037,-1.2278596368274648,-0.8192272677902203,0.7928884802077572,-1.2721133246287306,0.8940489743077101,-1.3981211643252365,-1.3301854747985642,-1.402174354604619,0.8456817582583204,-0.594820655752192,-0.7430460340417263,0
1.2734907949559016,-1.1040470489878937,-0.5343176640145636,-0.2361085017346552,-1.4211525254644644,2.034870528076921,-0.8350152103743489,-1.11871904640696,-1.1322786563755105,0.10099480761873086,-0.5963183583018556,-0.7785368011907419,0
1.4218064781566253,-1.2580318800680956,-0.4765293076509579,0.28957874783599835,-1.603868496791227,1.2505968219747787,-1.0423626862709245,-1.4496973294636044,-1.5185155419209249,-0.10548720874939443,-0.3764468681155313,-0.9364295074039396,0
0.44291898801405,-1.204022200183415,-0.09357804852790694,0.48490678132607334,-0.10017516183448086,-0.75472130889734,-0.8900890241344597,-0.5161825367356745,-0.7733966641643886,-1.8440421457877476,0.9541251145377232,0.4739168562267757,0
0.7990662689072677,-1.4142390807008491,0.5968410882062911,0.03891903893539172,-0.4542161626763603,-0.48007620691100517,-0.6226930467328153,-0.9892156939122118,-1.1504459635707003,-2.2450610411837255,0.356908904454628,0.7376646140356862,0
0.7076841164939489,-1.532314099264068,0.31459136754482736,0.03977768534217599,-0.5121136900883375,-0.3231488244082254,-0.7717819028582463,-1.0635251449495717,-1.2180946449602665,-2.3340651379731048,0.6710400112179965,0.19066746888249428,0
0.7918843016846215,-1.25711250694963,-0.45098405470229586,0.24419952608232984,-0.6831419582997567,-0.7578148069455143,-1.4389554545558167,-1.148259816856362,-1.2472005261660244,-0.5991967607995832,0.9213910413137478,0.22085871767389342,0
0.8793858665214065,-1.4458368054699515,0.035642619873523684,-0.22009947368907604,-0.3174238606661836,-0.3661213658873758,-0.9423865603899024,-0.842765407036105,-1.078379694864,-2.113924383197236,1.0676167806085275,0.38610991130972117,0
0.5968159375310349,-1.4287674052013282,0.07734652181691985,0.04783029952832044,-0.16240630965656366,-0.6637897320932553,-0.7249879261317715,-0.6164783450188561,-0.9296154470663438,-2.440446601101285,1.3137614493463357,0.6874766671369655,0
0.7017073119320493,-1.1090114923484773,0.6465462732285737,0.07927676878558619,-0.27711566819886635,-0.9132029747059714,-0.2720655230675666,-0.741522813093041,-0.9714170459124135,-1.8523694595211042,0.8062064898889405,0.8046807819446283,0
0.8682945096616409,-1.782072720317237,1.0183470171372504,0.45925570050612213,-0.6364665454526278,-0.6614569863838897,-0.5553671696926332,-1.239563806023343,-1.334098663612399,-2.3970669350244913,0.806901453204742,0.10091667005336785,0
1.0982400580389693,-1.5941711541759105,-0.9395146504235454,-0.22579827644787126,-1.0634924533110133,-0.5758058304655832,-1.836382443239638,-1.4184798492142983,-1.4166825867103487,-0.45015897415770223,0.6814104758396765,0.2545105713005434,0
0.7002834948846557,-1.3837525407080218,0.5666016953542583,0.2411643851307898,-0.1933887072780029,-0.5948820915863825,-0.4805761177404494,-0.7121460111098754,-0.9616380983173382,-1.203885184832264,0.747194591507309,0.6495209001325375,0
0.7905108505442208,-1.5123371478248957,-0.6856342232254484,-0.11626048321187682,-1.0132605777962687,-1.2099963436471628,-1.5684326472717185,-1.4360456323230657,-1.4686062311686747,-1.216662667183629,0.628483941868108,-0.8263385538974442,0
-0.18304825838995947,0.23433373655892112,0.060745066804006265,-0.6255997602954337,0.2165533776186767,2.266839356954687,0.3417225731787123,0.33999203298219893,0.09787440437170816,-1.2269524596384873,2.0756084368031424,0.9957741917884466,0
-0.37999448673452196,0.09989581175150007,-0.02621935380200358,-0.5996328286174011,0.4190857264402956,1.1509820904967485,0.372474761059016,0.5276565872426826,0.2626768750638492,-1.5477486683529689,2.008245488842087,1.763522690389964,0
-0.08258079001726466,-0.013759699636061381,-0.302964446434821,-0.6947120017627751,0.23703092170926426,2.4337471713796233,-0.15018173172450647,0.3903991130865512,0.13854301674466712,-0.33857176274871303,2.5795491814963767,2.1101213542703294,0
-0.232054436690445,0.24637402133712497,-0.053642856878011305,-0.4774171260021342,0.24556922160064348,0.6633178688334487,0.3531416933351056,0.2786149335560816,-0.06507295555093989,-1.158355533607581,2.1099773550458476,1.858813974724066,0
-0.39968454044627816,0.1383809958630561,0.08200569733660798,-0.7112767621678021,0.2517193093780198,1.6914473992437105,0.3492443673077419,0.39749736088298754,0.10704208614966561,-0.8548985983294369,2.4502930169084425,1.7604109946660516,0
-0.2427755890541983,0.6230312421829357,0.26593359053045296,-0.6447743433549136,0.0904487663269721,2.665072674652697,-0.1867339566729242,-0.013883652988583517,-0.6473220230150055,-0.7447300004148667,2.1198059409041496,1.5642314458942963,0
-0.21454941888387177,0.1127307798220841,-0.4308555389197692,-0.5795076927445892,0.22593978021151379,1.8759023457788873,-0.3799357089412841,0.13009123897788616,-0.4043573711450232,-0.8202512622817593,2.009666083074423,1.3379456292078484,0
-0.27752550134529896,-0.5193023509905597,-0.28378071552796635,-0.6945584555817972,0.12793967708987275,2.1127335779812633,-0.05422463225344813,0.17524074955194197,-0.2646384884463075,-1.7037852863009464,1.8206985791503811,0.7188359489232801,0
-0.08895237884415834,0.008440478751322852,-0.10557500652790137,-0.5867345888360648,-0.07350252606423419,1.384458916375662,0.3805238403567041,0.06300697906566212,-0.07585386775865638,-0.7639260462775986,1.610223371480886,1.2806721507859165,0
0.543996728319683,-1.2398754245867911,-0.6442642730425377,-0.7138730011709727,-0.6422991765336848,1.8762582280282918,-1.1119572236902535,-0.9695553458799056,-1.234853213575068,-0.20740298840071802,2.4037483853044446,0.029445076179943082,0
0.031838939369311724,0.2717866162949869,0.783974735480487,0.25444732437598705,-0.30593798787818693,1.248708748974816,0.6136979216348357,-0.2531030666170752,-0.35931249862946546,-0.5073579725235897,1.6943108912779103,0.9957830818014205,0
0.1694578991791352,0.18228761522235162,1.0019457503603215,-0.36887461391449405,-0.5986901416465238,1.7166515228549764,0.8870994476968905,-0.3999024476471045,-0.3148212701208599,-0.3333894376789273,0.051833019315079755,0.8143527336939979,0
1.1899551683045066,-0.48763640202388375,-0.4872300087353904,-0.01495727279146263,-1.0870712945551821,1.7102912682951024,-0.8056066462081058,-0.9542798319930885,-1.0600103601202164,0.5562593483898913,0.3712099754788929,-0.022970918271399698,0
0.27836467289576095,0.411827989200406,0.5699750347158743,0.1718065094100698,-0.5482324504498762,1.4800917649325949,0.6763931769510543,-0.21318467904650362,-0.04334578140759256,-0.5322813556961015,0.5578941371301214,0.8109604768079546,0
0.11426636527072771,0.9071236600436153,1.066654997964547,0.14159074373158725,-0.4856295307773802,1.665298338620698,0.864041875274433,-0.3237628969543297,-0.24004141977375498,-0.30786296719166845,0.9863991737506926,0.9844421018098692,0
0.1546761086611538,0.6641905208751402,0.40885595535301195,0.34549241457927715,-0.506238647592975,1.464201094196438,0.4566168149817153,-0.3489717263118681,-0.23811839204876625,-0.5519418814186596,0.6409497724220161,0.8515473052864845,0
0.284212094379217,0.14918785574078666,0.10554305009032787,0.057841023883794265,-0.3624914719436514,1.2419800050008314,-0.007606081299858163,-0.40966650534622673,-0.5461232741144403,-0.12257782186046229,1.0113782302414611,0.6896161013344613,0
0.4193365846277198,0.5585603553568833,0.6869719565266823,0.14226599020221498,-0.6261676991809051,1.294913587382138,0.516866487338966,-0.47302180497790836,-0.4407617596362887,-0.14567920520851083,1.0112988155177978,1.1472039006299517,0
0.2016791111876955,-0.2695000027586952,0.473507005159562,0.4787028924456404,-0.39677675121057193,1.4714825122574706,0.48985101810180615,-0.21667033128037222,-0.18734593406149636,-1.5974913583686003,0.582994089865105,0.19197673837384865,0
-0.19454570922437397,0.33255747338980823,0.5955455016318545,0.33098364370317324,-0.2716649159228928,1.918465574643928,0.5813748348753274,-0.11653320215806479,0.04632166215548893,-0.5300171522099244,0.6846781382671708,0.6463654234845173,0
0.12317932125497455,0.6372799332129298,0.9955621222964126,0.10928945406050232,-0.49949281058830525,1.5016832754804033,0.7660574605745685,-0.39205311848919694,-0.35764138404350426,-0.7391128970827376,1.3448692948939365,1.0551107267695292,0
0.11132026130388462,0.8957940337830425,0.16508823342748935,-0.6685657163425848,-0.11843098361759738,2.3625559531057365,0.6186822887313121,0.32043218175178023,0.42128103857597193,-1.0104961518089302,1.7686222896245003,1.4324199882637323,0
0.11368248266031566,-0.8196520929440793,-0.3747615459248841,-0.6017329409285032,-0.23367029644010023,0.7996877684307522,-0.003923636876209388,0.10167709057069037,0.10861123416340243,-0.3223626592442457,1.24261557257521,0.7432319607626583,0
-0.5235361152960337,-0.5931946687917354,-0.5271113445698976,-0.3620858986130016,0.38237426327337076,0.7771755746547269,0.1533990544163621,0.7232286530200602,0.8906682738893588,-0.39358853886700484,0.5883577940948158,0.4659543679398889,0
-0.47420647929943954,-0.5653889600597484,-0.20499369489642758,-0.689613588133114,0.07111327131600988,1.3761290624840616,0.5926530156906383,0.36548119552394853,0.4903351839362166,-0.9445458071472452,-0.020762852032887847,-0.04458913562683905,0
-0.5146899619968109,-1.053974285006987,-0.4651008293950669,-0.6022511565367905,0.245687185043097,0.6386936747986413,0.26117853378976535,0.6611427866753716,0.8578004752591175,-0.823912648231651,0.7753331712273923,0.7218045441157754,0
-0.18044777915014737,-0.05017807026493776,-0.3106554529829577,-0.6460286359694594,0.025895924759801327,0.7601474975256519,0.2786872832415137,0.25396148126160245,0.1932534168928271,-0.9222819847005784,1.1081063774682014,0.8136403855576438,0
-0.172963767281671,-0.500916480927469,-0.02721907617987954,-0.6859226774923998,-0.12702006976001312,0.7422138057318886,0.4896217072792295,0.11541870590239085,0.0778183488342601,-0.7001122848234747,0.5208333976902283,0.38341843598401204,0
-0.4752836160469012,-1.0948580947219155,-0.42320230000001946,-0.5692936402593859,0.19431158044364383,0.7905568192732857,0.3126212934976925,0.4280219421298094,0.4344253304889124,-0.5058512805114316,0.10253129441790747,0.4378153738639196,0
0.019754288409653542,-1.0627613656782822,-0.21841285776836758,-0.5738142463759449,-0.06244732112825375,0.7043645158185192,0.2300718920483326,0.2745844828698783,0.23597257579069877,-1.3061493545630076,0.8554969278054669,-0.19354273687629137,0
0.12857405276000644,-0.6862469624525258,-0.3768079145593897,-0.5351594797570344,-0.21393088410073022,0.33168712166118125,0.11456779122737516,0.07088804405574446,-0.06010860794210294,-1.0070915760128858,0.37812927897116766,0.870720004341824,0
-0.4362978404999975,-0.9021540105147843,-0.15736093040237464,-0.7499206398455835,0.08361596790732034,1.0856434782839226,0.5501491870037793,0.31263574564749713,0.31658393685437863,-0.8287007630746802,0.40429068552328357,0.2774763425580469,0
-0.5180441202879756,-0.8786907658340858,-0.41079375254923745,-0.7168295441159549,0.5247278414649167,0.5280964219067099,0.2577089353123984,0.6903820667191134,0.54817023506466,-1.2357909789155155,0.5221426423419393,0.35179035079466103,0
-0.2551340857836157,-0.4504744243869867,1.9625340704057141,0.669667477297091,-0.16038293357638253,1.2069688279991708,1.1415988966241517,-0.05736703237346045,-0.15039618069408348,-1.380895960131318,0.46845406495819836,0.5901577907040707,0
-0.4284923312850856,-0.14286352106804018,1.0071006736120436,0.3380210210222609,0.5481384700755709,0.29378542196310725,0.8833644553710791,0.7609308216437558,0.4373848895199169,-1.3786584397875952,1.1109461297091487,1.113535031709653,0
0.33015877002406,1.0725025445440375,0.9317735272873561,1.3662625207422978,0.02274495705577346,1.065459407590204,0.5791483644943464,0.08089012049617797,0.03017312825322278,-0.9623770283841708,1.4304319009411304,1.261972534248937,0
-0.5241736813282708,-0.16211168619561292,1.3414554005235102,0.4404542480986817,0.3484440048873947,1.1998999907487222,0.916270807878648,0.6603070764281013,0.6193853960951028,-0.6347432946003297,1.465649036019558,1.173787907167801,0
-0.1562427385483241,0.369566712114006,1.710162215439517,0.5626579222324687,-0.09726594350671593,0.11144355630082989,1.1529498821288238,0.05418970702642239,0.0065948702395610456,-0.7212647724976509,1.3730218989162832,1.5004415879625528,0
-0.41355265722033224,0.43368986375709434,1.9373862230990349,-0.08843381617643498,-0.02926891882124743,0.3135182762285994,1.4168492656410767,0.23494113917815587,0.18321919314757965,-1.0713728961509654,1.4599661521877196,1.3710731632521174,0
-0.5265128308770077,0.5233051031843026,2.132251645849791,-0.31781291180367216,0.2202397947484202,0.5327300952430891,1.4065025138543392,0.4414726456665741,0.33605690533216903,-0.38960073719030236,1.454859954423674,1.7683600045461716,0
0.3187418443223834,-0.12855273009519222,1.6991795902069196,1.2294104407517492,-0.6542513762008454,0.07413727498156712,0.896327272435296,-0.5267823046820671,-0.5241751267665458,-0.3195100985038617,0.6284310550414982,0.8034296799037532,0
0.5120973152498157,0.016519840547252033,1.7868856518576564,0.6493335633189592,-0.5442397853386652,0.2774717508340179,1.1725597992635943,-0.2395571555837861,-0.11949076980167474,-0.9720993512936212,0.860836976585576,0.4920494237641777,0
-0.033981761264328524,-0.48698404641118065,1.8345100370876464,0.18826755512810328,-0.1419061337553704,0.12938439215459258,1.1491792558192258,0.03531217618776211,-0.08505906566030867,-1.278387054066842,0.604003086042703,1.1727306647646776,0
-0.4394630512418739,0.5938696234560886,1.8329545409769925,0.11585719762441934,0.03624368617059912,0.7969066879308074,1.2438260205624772,0.29455161061320795,0.15732728515797528,-0.5320698223676855,1.3137577320613985,1.6657386655363098,0
0.2231211143229445,0.21265007781456532,1.588323450152442,1.1148335120044348,-0.2999454697688061,0.11585936582427193,1.0529794840290099,-0.2239854405966702,-0.19781135031289443,-0.47471917682115283,0.7331204438317243,1.3195257135091634,0
1.2201897921132823,-0.7779351396171325,0.2939952888275706,0.14622754442873936,-1.0808561241795682,0.41107641893843533,-0.35602771069013783,-1.2301118173406063,-1.2441607330419828,-0.7889835695915887,0.9269521840638848,0.18169543836962312,0
1.423864392925295,-0.1578937894853151,-0.09052373060171809,0.16968580830229296,-1.155828127069268,-0.051144203018308985,-0.6811631154304351,-1.3052093748769744,-1.3367444375805566,-0.2091689053307466,0.4881358214456383,0.07290930552433364,0
0.6127086431293117,-0.5134347025439694,0.4130847414003594,-0.09055515036218456,-0.7082948157054362,0.5723637792352465,-0.1102269652494491,-0.9466632322711296,-1.0629015892323572,-0.5938380372179163,0.9073814392220763,0.5192325502623863,0
1.0872753699273296,-0.011834233952304268,0.1701857206328144,0.11685952520586032,-1.3531023701057445,0.17304204298431788,-0.49648198653812964,-1.5867009169623367,-1.6704155601219717,-0.5577228264897502,0.30456294280328633,0.4532762535238448,0
1.0800480130699388,-0.3697588294328155,-1.189357034094426,-0.35121732607949163,-1.8201381748569307,-0.8419598869544389,-2.0189546709464197,-1.9798338273333818,-1.961332756883918,0.5998112475106265,-0.25182945271076085,-0.30170924537645916,0
0.7166757880573887,-0.011890822065911013,0.015519588700202352,-0.2516497952589815,-0.5150832993399564,1.0648949067819797,-0.32967063693050647,-0.7013875640026084,-0.8240299734907426,-0.9711722026469859,1.1548516579750712,0.9484863009499391,0
2.036272202230745,0.5320607051863405,-0.47933399968318935,-0.4862371958418757,-1.6078011296619583,-0.5419294783897822,-0.9157983796393715,-1.6700921053070603,-1.691911777542233,0.7838147254446868,0.5049960741818236,0.3509519174205384,0
1.2843624418561188,0.14880888685875407,-1.0327350905192936,-0.4181803504051588,-1.5310662233580232,0.3316571646364761,-1.8729486383861242,-1.8868213925343233,-1.7936355568739288,0.37660370620407246,0.7343310959488447,-0.10762296008965822,0
1.897389118473844,-0.013777582459841932,-0.9897655540617304,-0.34336058071305153,-2.3700712216334,-1.1759047692596012,-2.053843045304914,-2.314467020395494,-2.2803228566728584,1.4176522320486007,0.38891033461093644,-0.008540324201064518,0
1.1003343146746618,-0.026179320751580783,0.15414659041367396,0.6371105617507117,-1.1068702166026674,0.41450244596425,-0.6158750911398874,-1.3045006079584036,-1.345201632347035,0.29239207083296354,0.4040488930348537,0.24930045014865945,0
0.9245179414788932,-0.10847668821466032,0.8557801532945111,-0.24549187334438682,-0.8925879981538861,0.18013327296064816,0.1392174074216848,-1.1547973982843767,-1.1370199946078416,-1.152792038036763,0.43302006009717164,1.6358652586066091,0
1.4179661531464598,-1.4479839691745486,-1.2106245660936108,-0.6043814253794929,-1.2542692418753378,-0.37004579615788635,-1.6968619753453766,-1.5930110582597652,-1.4953467513755532,0.07662940396901664,0.023169119646339463,-0.32495490865533205,0
1.357915515582241,-0.0446452960664003,1.0268502943086548,-0.02738907999015941,-1.2176362168077215,0.7283489262615744,-0.041080372252463894,-1.2509675483848308,-1.3498444302046622,-0.5433028216499324,0.2843621181645841,0.6525192242931493,0
-0.10910341632141765,0.7884514041601662,-0.08335268024124565,-0.37068893280864973,-0.06908228555216225,0.9783659319954552,0.5373556787614362,0.1627262530643352,0.15080480867489124,-0.4710693817385715,1.4242707546085933,0.9522970575865134,0
1.5735390508380622,-0.10520756104548154,-0.39368908464176067,0.6321290638600301,-1.024757485385618,0.003797460564134236,-0.3265562806325882,-0.8883803764820579,-0.9276087859728155,0.16951475097258328,0.5284284022036287,-0.6803018232596252,0
0.754508274811826,-1.5489359389978032,-1.4411335347314151,-0.7790769605469298,-1.2988705069747566,-0.6417470651513384,-1.2342508407723571,-1.1787473729656472,-0.973932734150813,-0.8624064015224838,0.2754555879382608,-0.42950608785788974,1
0.8321807971823774,-2.0068247845004357,-1.5268025820533462,-0.7955766020011901,-1.522125955759269,-0.7055272517041951,-1.7917882737732598,-1.3872412117435426,-1.175619539450655,-0.43164292584385044,0.25477734563634513,-0.8039570189979341,1
0.7452507496734492,-1.2361957273812285,-1.325428009863013,-0.7871315923250478,-1.2213865688035708,-0.31977322604123326,-0.9057924248472801,-1.1354385406577319,-0.9950061738248835,-1.450783094579719,0.7160228762457836,-0.23638521018427722,1
1.149663799875127,-1.7711230428194518,-1.5448317113123848,-0.7417859842592127,-1.4124409694949656,0.06998069277812025,-1.8197903383554217,-1.0523964464669318,-0.9442122897868329,0.35746887460932386,0.5213287259081401,-1.4092757751026717,1
0.49579067427819706,-1.9267094889938536,-1.3487374161641603,-0.7822876347526883,-1.1333702447875884,-0.2603168767435851,-1.15176689967966,-0.8874600373489879,-0.6938871386675579,0.1420765601035864,-0.339949888729898,-0.2582438689336204,1
1.3931060541614673,-1.351173710332883,-1.3343945536919368,-0.6790532585119623,-1.30117266322336,0.09190653332709854,-1.1955034985589088,-1.1032689854431814,-1.0777128032905587,-0.34109748517858246,-0.66477948516555,-0.5182587485314379,1
1.0585778110586188,-1.4378680477142531,-1.4872706158252003,-0.7439216480272469,-1.2608507486490954,0.2673112165589246,-1.509683573761251,-1.165603449139906,-1.1592896367996777,-0.22496399754346874,-0.4542399262247628,-0.3670085223604666,1
1.4575815025307786,-1.2520550974024072,-1.3703785414603624,-0.627259019126503,-1.3803345739357797,0.021156505783791402,-1.4193183454283773,-1.2098431991916163,-1.1784293616671886,0.31308877179779626,-0.6487829351362006,-0.601356577103029,1
0.9560361419353514,-1.5198105758588945,-1.474648884661623,-0.7133270815201006,-1.1654103085524925,0.0677462229193406,-1.472486923533373,-1.0154453592047068,-0.9578769057755054,-0.003907274478391279,-0.8054270413381042,-0.295028066056251,1
1.2898741911570397,-1.3260443009132428,-1.6306740722851951,-0.7849074517815698,-1.2539287915708035,0.4131472958266297,-2.111263552979096,-1.2781387100318458,-1.3777033242406145,-0.15444552304125098,-0.3030238163852378,-0.5455380592345311,1
1.0932781114233696,-1.6397849707807672,-1.54372194634482,-0.7272620029966882,-1.2771242486415655,-0.3285680441740006,-1.7012215752268172,-1.0825349084222935,-0.9849060744023074,-0.23905016125710515,-0.5616675177901456,-0.8315040720379993,1
2.1089812700244086,-1.6398485405447538,-1.6658401220008412,-0.8183971460643227,-2.1475005484435443,-0.7160026048922231,-2.4031043833862222,-1.8266132295933122,-1.74962502677224,0.34752849850859535,-1.6228372583177197,-1.6323880865771545,1
2.083755339631137,-1.7537572286224126,-1.5149091155820456,-0.670628185286932,-1.7301809223004823,-0.3394733617126085,-2.177371228747731,-1.5359817678415988,-1.4277773374973686,-0.23341591310041254,-1.214078391129017,-1.3358329690191848,1
2.2094300396771427,-1.7969994888297558,-1.5101085590250718,-0.6517487844659838,-1.4942251868452392,-0.23951157300046697,-1.981905406308161,-1.2540670813272388,-1.1377096907122317,0.1454813290807527,-0.9886243897180275,-0.9383835217405165,1
1.630952716499318,-1.7732319911746004,-1.5117168140292732,-0.6762548061467963,-1.6572971781636856,-0.5343453683075793,-1.7972571073813155,-1.387146004247018,-1.2894786003009373,-0.08981367575759082,-1.5892750669418092,-1.458527603635249,1
1.2317618870314142,-1.9865241049567992,-1.8190351293944038,-0.8155863552847215,-1.2933839627139636,-0.5313322559429329,-3.0432301348168176,-1.2407962141727986,-1.161035239006283,1.248783570156158,-1.0496170940688154,0.04343566240384279,1
1.5850194617099314,-1.9536203216262524,-1.8710842535706174,-0.8350210921032565,-1.4954710903791635,-0.3947730087385739,-3.3732556078166307,-1.6676696034510483,-1.6035442148556962,0.44120392007903114,-0.5429150825370621,-0.04728988333167126,1
2.1983439606818815,-1.4996415677917236,-1.4240442237297124,-0.5560841105338838,-1.5683896868115688,-1.558080941613222,-1.6667564978697884,-1.369120051571716,-1.178978556071432,-0.3299306504305661,-1.1331629378634582,-0.8909424311246702,1
1.7187742707212517,-1.712241028365166,-1.708629047230277,-0.7518367384101469,-1.7522873967992432,-0.7948980615177222,-2.605471184310097,-1.51879681471893,-1.4594475395724062,0.768200052325944,-1.4598179155160078,-1.1668404564395156,1
1.4821069849061363,-1.1611580514624433,-1.8714116618876202,-0.8316973749442035,-1.3634242514027932,-0.13819847633423493,-3.3057311543896213,-1.4497396439065042,-1.421333477751403,1.1066727997383294,-0.7270286571703122,-0.055726218869216616,1
2.0852565150925653,-1.345574671698282,-1.4077612569263311,-0.6980514495331913,-1.6898825427344526,-0.5012127188811755,-1.5604439890806754,-1.4471637521949805,-1.3752162247571869,0.019554596916832586,-1.0352464422292218,-0.9467509214408998,1
1.8912702639586882,-1.3714676531963281,-1.3006901827994872,-0.424732019293597,-1.5228943555875603,-0.9577821492415608,-1.3335047074132529,-1.2720930340025416,-1.1611048952233247,-0.03292276505957924,-1.7634664730684577,-1.0312855959695963,1
2.3367337903017322,-1.2567250865960853,-1.2638427194868547,-0.5960752882379284,-1.6632447257350849,-0.7971656101753244,-1.339915331945364,-1.4835541730887836,-1.3846055626127591,-0.5270625676895682,-0.983549848014574,-1.0174121629102149,1
1.8288717306702664,-1.365959743471951,-1.732046256572355,-0.8274612256243147,-1.5930649911125523,-0.2334780241088216,-2.61758095114413,-1.7276397476507481,-1.702411533604475,0.47571925305139084,-0.42327156334606436,-0.06087927187330077,1
1.6110838185788974,-1.5376811511299007,-0.9775100424427947,-0.6861739819224026,-1.656057210758305,-0.7275366597449363,-0.7848970250175453,-1.4483750031229863,-1.3264806526313264,-0.8790099567301103,-0.9648613585107891,-0.8912498688034431,1
1.6594411211374924,-0.9974024619179264,-1.0167692560081683,-0.6968956253160051,-1.7820816101121586,-0.7173925147839604,-0.7660771724770962,-1.5457722720675338,-1.422551641631115,-1.004849950570324,-0.9511334167885015,-0.8649464654880014,1
2.04037325374747,-1.630688370275957,-1.4007130922821027,-0.49728867285921585,-1.7690525768372112,-1.523439754878613,-1.7433321428380562,-1.4861935364646564,-1.2908716699812652,-0.12337354697514526,-1.596809885232723,-1.5015337870101055,1
2.519199217201243,-1.6918735944450887,-1.5603816600955116,-0.7828208488039011,-2.0350087695422614,-0.5586935855035685,-2.212582115107343,-1.979611676508158,-1.8173084396589312,-0.49931439356293705,-0.8483120904049548,-0.9532060229516067,1
1.4851970991759085,-1.4199397819637907,-1.0397646227272501,-0.6599309071377368,-1.6557501809325854,-0.9306960761103317,-0.8424605276476679,-1.3810209886372764,-1.2407389896597754,-0.5545690239374956,-1.1377595212077074,-1.3376468949136864,1
2.080930174159529,-1.6158793099391437,-1.3592151069443053,-0.504174717017717,-1.2611662056944213,-0.5302299094747195,-1.5227299425886285,-1.047921694130281,-0.8985587294641805,-0.21356142145770582,-1.0701895542691369,-0.5145353912374653,1
1.3353716451344202,-1.2303451043627578,-1.540504735525241,-0.7643711950733354,-1.6792019517239842,-0.7859782523520161,-1.708930530095109,-1.4101862184059433,-1.3395629431282141,-0.07708935443619229,-2.0905312222467343,-1.354269670591829,1
2.0457290798512915,-0.9255997398269857,-1.585046861792147,-0.7457533738131369,-2.1023674354494446,-0.9700527026495535,-2.2898279304343685,-1.9935384175275452,-1.9278601733304552,0.8103570436906743,-1.1020396571349924,-1.08190056938398,1
1.858886041334979,-1.1706726935943954,-1.8706211697334043,-0.8341518526504824,-1.9714072192298362,-0.5206820834043199,-3.533193919336085,-2.137783064067501,-1.9693640235966572,0.34546290936331103,-0.8070703009381927,-1.0686623745914317,1
0.8312915524113035,-0.9153474924566382,-1.8049341077180716,-0.7885694280064222,-1.6471080267658489,-1.1024015770810547,-2.839354552501577,-1.5290316205953118,-1.5006430691391317,0.7746349227387582,-1.410630987088239,-1.209858244627007,1
1.5571515831414486,-1.2835733293452523,-1.400505347473436,-0.654719640478173,-1.4763545474880384,-0.16139764051848196,-1.6438248168893517,-1.2182161695804083,-1.1636233233401574,0.03595415285979495,-0.7953692510699105,-0.6540574056582225,1
2.049173263431304,-0.730719830403171,-1.3740534581531283,-0.6623653616887467,-2.072721102814516,-0.5419847097780165,-1.748191376874693,-1.7461576057247605,-1.6573771904528776,0.4945464799310681,-1.089971930901133,-1.1976044514861188,1
0.8139956888352677,-1.7091555063524728,-1.7494239361380384,-0.7877038645346588,-1.4047793396502164,-0.786714870975531,-2.7421738632540023,-1.3536435440811247,-1.2855495719718144,-0.007891635116360854,-0.895879532959485,-1.6959877173495659,1
1.080456670578775,-1.159194615399426,-1.3611940453556401,-0.5880839092068143,-1.4790668605679993,-0.7027734867277788,-1.3063473408785722,-1.1022164136760493,-0.9344034797474572,0.24180614522049637,-1.5967606565524264,-1.4500572183920986,1
1.6265574617354557,-1.0314333530870192,-1.3178893078654952,-0.5392148671491535,-1.7171127775302393,-0.7261653604296693,-1.3115781821838233,-1.3942230948220047,-1.2895269106531695,-0.29045988361602293,-1.4191565294019755,-1.5895103113144242,1
0.7326636460128889,-1.322300911458599,-1.7979952848523564,-0.7795886059068665,-0.9652864044045741,-1.4770838706312939,-2.6441424887312026,-0.8963354917472149,-0.7947773237151092,0.8973231279399122,-0.7291368984258235,-0.9203066467886916,1
1.1857738932473008,-1.5711165197700856,-1.6925946855741398,-0.793708438449206,-1.3628938769687753,-0.9861816487986463,-2.137719016847979,-1.2197024643872627,-1.1257307655683995,0.36635327440278925,-1.2919598758433724,-0.8206021439775097,1
0.8965132908216599,-1.354666617769506,-1.6688774985785968,-0.6777579699699198,-1.5718012113891946,-1.1239594084888636,-2.23513540329439,-1.3406900352484328,-1.2197012893543964,0.19366655667064203,-1.7393499365120448,-1.4959363671854826,1
1.873921018553085,-1.433020455133714,0.050379155406465384,-0.09460428954996518,-1.7407439164832108,-2.080117739358548,-0.1609700176084173,-1.5254728886011142,-1.2241244973995093,-0.13242064149466107,-1.462103547298408,-1.637241651294712,1
1.69853260477063,-2.300587278077843,-0.2363863791840774,-0.03604779752226929,-1.3111637802511422,-2.363146563850247,-1.0489819656898969,-1.881452747591415,-1.5914391254364921,-0.9222641758159087,-1.4119927468380662,-1.7913513644774441,1
1.9491616517557355,-1.5502217875186735,-1.7201151138828212,-0.8275915243563838,-1.5777042170404716,-1.261402898212029,-2.571295389840209,-1.6129623180870072,-1.4258889087090485,-0.6404096591185284,-1.5060524157273507,-2.622362629273741,1
1.2066169341592659,-1.7473116955005061,0.11395598356010453,-0.3578841325835599,-1.4021795074339092,-1.8598206595857272,-0.264980636904407,-1.6954478593614783,-1.432789777171242,-0.10861535443390462,-1.552335984099868,-1.4400052042493678,1
-0.4026384858118147,-0.3916981145691562,-0.24006959896577848,-0.7407651350183031,-0.528166200439374,-0.9619498977908901,0.5909578319421911,-0.5968127076811877,-0.4525873273796751,-0.043535725383637265,-0.6531112656819652,-1.1231590431222593,1
1.4349652499411705,-1.4748652828991997,-1.8485452672774976,-0.8322712700354347,-1.3769748633647436,-0.967933378228419,-2.9170574926668196,-1.5811206998049292,-1.4364506459366317,-0.369187710629073,-1.1989815685217347,-1.408650482179385,1
1.8942548209383556,-1.0097349961313364,0.4566508205191251,0.032877107915433676,-1.1442875439845142,-1.1337070881369062,0.20441322840498247,-1.1470698578311929,-0.9617214935493292,0.13948221008018313,-0.8886725960968018,-1.459869641905608,1
-0.640319272408071,-0.8231551666435364,-0.10805094194336694,0.27088348737718343,0.059973171370209175,-1.0497374278197429,0.4607831271941695,-0.06698861452674308,0.031401621312455066,-0.11936564238795135,-1.0119268493215188,-1.311261661418609,1
1.288521097494016,-1.1367723715359186,-1.8717310870512247,-0.8353292780385971,-1.229521095411638,0.47751695738065114,-3.043718093877914,-1.4053676612207318,-1.4421353155118124,0.5450572218656787,-0.8945399332969098,-1.1232817826562205,1
2.9291419614431593,0.03230498460123205,-0.7662945426010226,0.03257835016261309,-0.309919036676668,-0.4755439311993301,-0.855596605104069,-0.8588599690395232,-0.9427919066831778,0.9601691872003985,0.1252907093822901,-0.3761382024367402,1
-0.0680282096149407,0.1113301627677734,-1.1485206906820893,-0.4857517351373893,0.36699238633297937,-1.2950542424148928,-0.4203810289427938,0.26707366925516896,0.29216144649845766,0.10949100994785683,-0.7086187443790878,-0.9054261932080812,1
1.4500255609089012,-0.9136635673790108,0.11364290378464958,0.022920883315864175,-1.3049528636714405,-0.709626921564114,0.226483546887386,-1.1641550522665847,-1.0339757497330797,0.0727844235104553,-0.3360926987048275,-0.8931790245607316,1
0.9612349892691736,-0.7260553530387401,0.6589606861642001,-0.21455844497111062,-1.2161910922423045,-0.3033137320403822,0.3638523049177572,-1.1128440651979716,-0.6988379268000713,-0.09637431191025157,-1.6545824323678417,0.43101857657928305,1
1.5690361276382925,-2.355932902886999,-1.7942579045547553,-0.8088778289422573,-1.6224371665564103,-1.6950588667540436,-3.387151065325167,-1.7838544850430935,-1.5685360613605357,-0.38075599989591496,-1.432772014806531,-1.6222719687494749,1
0.6224164455080529,-0.8055491591764048,0.8970984567407408,0.16271672082886082,-1.0148171259646068,-0.19022680425555902,0.6327974774980362,-0.9493805761698122,-0.728144857095276,-1.4132632156193672,-1.7865413756951547,-0.260520285804143,1
0.9765432090725233,-1.5303520105370896,-1.7375506408405923,-0.8147260848953118,-0.5934003726359953,-1.5686995362059533,-2.2206688640462513,-0.8488533975083096,-0.6299099027368161,0.19680189835194078,-0.9160804758754351,-0.48401070004547164,1
1.758012629783765,-1.3866888758757518,-1.5362236019300362,-0.8058988557694537,-1.4484533278221416,-1.3293041267706862,-2.049808052954301,-1.7478501834407512,-1.4873673732502406,-0.11046071710029035,-0.9407881705657716,-1.6459798171114493,1
1.1066039653185389,-1.178824934021485,-0.9399596655204329,-0.4861575656429712,-1.1237533367517636,-0.656916846202803,-0.5258514341497814,-1.1001271380578732,-0.9096569037630324,-0.07808513067636173,-1.4716805152083203,-1.6958446168181485,1
0.16075123229898006,-0.8996316749660812,-0.9461959708870841,-0.6397873239233053,-0.6547033522334879,-1.1781948307113208,-0.21844949947587256,-0.7662397370518698,-0.5569493152664791,0.0040869950009114545,-1.4476860154267284,-1.4363322332547341,1
1.7464907499764974,-1.188117878132597,-1.2591136456698528,-0.5891630952066449,-1.2376181718383918,-0.8708937501926904,-1.295194133463694,-1.3326820269296507,-1.2290931611000695,0.16636304926502862,-0.9180090033009717,-1.550025997391108,1
2.5249071522656314,-0.7173088149336867,-1.4004044154290374,-0.47977377251779557,-0.8160648718423592,-1.0861290293225527,-1.6057654071436325,-1.1199461652510534,-1.0167093030472067,0.681780255312104,-0.9832297813330868,-0.9545658594103054,1
2.3140769735534983,-1.861374592311998,-1.686295154851375,-0.7900183012646236,-1.6796444146037355,-1.5170758382375622,-3.2068299354628187,-2.428525601231826,-2.1124074832355633,-0.17611138954671945,-1.174970109472453,-1.5307852753977882,1
1.4539964753665395,-2.2019698741535976,-1.8018210282982607,-0.7870135590658213,-0.565789915987682,-1.2635432946084568,-3.5336324837682973,-1.7133163087291763,-1.514518486424711,0.3850957068437984,-1.3073936627266949,-1.561765441146961,1
2.3471676760402707,-2.1020702962613127,-1.5479102833992806,-0.7011039698513363,-1.74193465440168,-2.3337044217549465,-2.7647472086539895,-2.2606113131948105,-1.918924835209942,-0.08171077811871293,-1.6484978705533901,-1.9903035457901208,1
2.4716712933506204,-2.347898983061087,-1.5092208445551836,-0.6899152938272767,-1.7977209429713772,-1.9221357555213188,-2.84003260604353,-2.264186883619841,-1.965716838546573,-0.4319765254936295,-1.7252447579556074,-2.0466939495899865,1
2.1778646400323947,-1.3636691497218272,-1.5101119564357737,-0.4734282668473992,-1.0284852930712105,-1.3373411942705273,-2.6835075132735233,-1.6389380967221039,-1.5156010416275623,0.12878070035940128,-1.4309942232852073,-1.7433241686890486,1
0.9340263913754635,-1.4888834569815586,-1.1193365518761336,-0.5967457535936064,-1.1906576317975932,-1.017986283508606,-0.8971905747481719,-1.1176506067237408,-0.8976979915146406,0.23294484264491105,-1.6709022172192503,-1.3534977115727815,1
1.0255653717626538,-1.741171395233811,-1.549315897328381,-0.7989535307400986,-1.3670367268006873,-0.3180049811400917,-1.7634119076699992,-1.3524746075960186,-1.1916094012934295,0.8381985559325631,-1.2170639285265101,-1.0961420069202015,1
1.192728610703963,-1.6488734872693478,-1.5067772073939254,-0.6508634056536772,-1.1916195671328673,-0.8476919445072666,-1.7623306143395203,-1.3026599296922632,-1.1829452877455378,0.6155715067523165,-1.5582880669481742,-1.0777170057517294,1
1.0124231875522671,-2.0907003724046866,-1.2059338083659166,-0.40191660481355035,-1.2700124645553186,-0.5944487653252145,-1.2491413755318665,-1.2429965652035866,-1.1247855828679687,0.8238600974323259,-1.690932976072065,-1.1113370656330555,1
1.295650889256125,-1.2179912577429246,-1.6775790748428148,-0.7844625796326675,-1.106638314428238,-0.151712276284556,-2.158480327771392,-1.3312539144817837,-1.2812982785515814,1.3208625255391466,-1.3814460339001449,-0.5788161786275923,1
1.8306058861505705,-1.9905363491936214,-1.3260259236765164,-0.6837963062079985,-1.7186443403210407,-1.199371205335608,-1.619803161098207,-1.5673526379464169,-1.3839916371853616,-0.012484769838351931,-1.9924138242583798,-1.9022376433983772,1
1.3421283672740698,-1.7322253289100018,-1.4251576603384395,-0.6427841388848851,-1.273508188416277,-0.7348267227189098,-1.449019685031278,-1.2729604800819867,-1.1767971512710382,0.48108710444106473,-1.7693632697516948,-1.3049583936821718,1
1.3260411346697414,-1.977615151616589,-1.7421876189280259,-0.8124541400836183,-1.4743236909527704,-0.12903204701323967,-2.6789947401489784,-1.484823606375776,-1.4404295338999051,1.2172990920258215,-1.599815512865628,-0.8849814384468789,1
1.3800237360141838,-1.4508849061500007,-1.0972325407980512,-0.4518082136801857,-1.3364678430274173,-0.4832257167909428,-0.9401097174661729,-1.3020886847131163,-1.2037576064689577,0.34015248106210433,-1.5696487233450616,-1.381561628055314,1
2.238711631952395,-1.9574680683813133,-1.7380013538370427,-0.7534186048353192,-2.3426774731076527,-1.8475062872752648,-3.3270355068693713,-2.119355124184651,-1.942521196520173,-0.5054365447904794,-2.1370231359916194,-2.167428068689018,1
1.786665251406117,-1.8828931411491205,-1.892177573052414,-0.8345735279967139,-2.3021574623340704,-1.3316224943088757,-4.067606882623209,-2.2449919944594328,-2.0770253592282977,-0.4850925201112075,-1.8352464257177852,-1.9562341483283132,1
2.046594348037899,-1.9725258959448255,-1.706224975430423,-0.7999266899420789,-2.5507760903092973,-2.364695143914922,-2.924503408662913,-2.168297066703598,-1.972719928435266,0.13790609360236322,-2.1772776145790016,-1.6284078461448535,1
1.6747396899886042,0.7257741890563115,-1.9128581360804646,-0.8317406893133366,-1.1881486005744462,-0.11426101257117847,-4.041772992781232,-1.6910007294049092,-1.7169928712183862,1.0942880183862065,-0.7514431932530836,-1.2555492119199578,1
1.2818331383890633,-1.372428548761791,-1.7413363923443768,-0.8263138843767104,-1.335029792619525,-0.9288880285891908,-2.296319282753887,-1.5296927837656207,-1.3805272434341305,0.32697288013180714,-1.5703992685190522,-1.2362339094091954,1
1.473451136321361,-1.1780883086638434,-1.3383537102567542,-0.7798764912336356,-1.5083246197410654,-1.8784092755757125,-1.192114428294692,-1.3230713590860406,-1.099602914639711,-0.9707755776562064,-2.6842672087909136,-2.909661943281054,1
2.9435666667283265,-1.6415328330776642,-1.3554537924215344,-0.7100143028474095,-2.3653188888375163,-1.957236659515213,-1.9388664192481606,-2.0145951421755437,-1.8852981595986393,-0.7587137781339275,-1.9881763728809605,-2.5320472668250082,1
2.3093531340251503,-1.6300775371102507,-1.6581034256110214,-0.7864031452846163,-2.0713162559648852,-1.8190774670551209,-2.2398810795781587,-1.8032186319751013,-1.6762654438692899,-0.5273452158184616,-2.1388756956304347,-1.942579470766672,1
1.4706136055671974,-0.8461165898925332,-1.4007257982934278,-0.7282096574139105,-1.2437849640803347,-1.4828101949258867,-1.0141212323661508,-1.1686183531965146,-0.9453820551128463,-0.29211749837961937,-1.5766495874482132,-1.936951136638869,1
1.6826697568058402,-0.8181582647329398,-1.5132573341097921,-0.7415899998339655,-1.4208226126739858,-1.0673051516323366,-1.3868738576476565,-1.3190885121480993,-1.182208427424778,-0.15679388105362996,-1.5264915521240414,-1.9040659271417892,1
2.9377359836151586,-1.2793809095345872,-1.6662897380754507,-0.8050574703712188,-2.153908075150016,-1.6838919805648525,-2.478660503256898,-1.978812991398425,-1.8514214890651841,-0.4371213009828576,-2.1725831061217753,-2.305876733532608,1
1.4906670779491735,-1.0338001325658515,-1.562643954747415,-0.7759644849922642,-1.4935369385403852,-1.2330782611996476,-1.54762743001152,-1.4118470602897595,-1.2550693394516688,-0.3473010139537,-1.61320488596549,-1.9936606249904183,1
0.5577989471854856,-1.9785826613771489,-1.4582208956498448,-0.7787137306838797,-0.6804720649463142,-0.1661663305854466,-1.5706684776854052,-0.17550895694962035,0.3086593703389563,3.1550846781046764,0.26114944788908134,3.717695995693607,1
0.36468248812207776,-1.952604552738504,-1.6299370626882412,-0.8103226328853512,-0.682744412725773,-0.2681142280116664,-1.8146298469761575,-0.3214303132894798,-0.04202896031856387,-0.19291235171322718,-0.39246173422157227,-0.012584515371854748,1
0.36334764079063014,-1.872746843385417,-1.3116383311692206,-0.7312312752694526,-0.6288469694459626,0.0966003608493584,-1.0648198794526882,-0.32201742618471413,-0.01384932049124334,0.21689628472651357,0.589735048164132,1.4899377986551385,1
1.0026942737155051,-2.4216370921284307,-0.7115575333336198,-0.44331522495125736,-1.5272400691996373,0.8830959896796915,-1.5483241437466069,-0.9525766756663725,-0.5511818492280076,1.3107858601569593,0.15676453852872985,-1.0529275821607984,1
0.26633340376567055,-1.8602596104977964,-0.7370403988525744,-0.3459804225145495,-1.3142559976924333,-1.3841675058637193,-0.6276114545369837,-1.1693535666418982,-0.8085037733298022,-0.696762161956149,0.07565566225531464,-1.147063073996343,1
1.4317968724805912,-0.12257839713139093,-1.7800689463108357,-0.8175975146356438,-1.0376479439877422,0.18995827655221864,-2.4082761507110706,-1.0460069655890665,-1.0882130489383086,0.4724269396347762,0.17828322516149817,0.4386274239737327,1
0.7093644377562991,-1.8511304289578794,-1.7865473667038383,-0.7767894654134696,-0.8773090419851595,0.08802160550599887,-2.774226786340298,-0.7279874806704768,-0.5610352630138423,1.3481422354453134,-0.885808090117521,0.18994527481779291,1
0.5267939059550691,-1.0518293260340885,-1.1253568245802081,-0.6235165484136879,-0.9545305815247149,0.18982698193692715,-0.5900260336542934,-0.634149914234873,-0.3753833072879222,-0.0338463398554606,-0.23097421695557455,0.47925172433490526,1
0.1982361339767132,-1.917308023089115,-1.4340925305492045,-0.7121281777231339,-1.0861006539235962,-0.5673477436986916,-1.358857323931781,-1.1375436841919953,-0.9891506078108262,-0.5507821909966083,-0.7306331563033863,-0.6455027373565879,1
0.4659983355149631,-1.0883834101475451,-1.5500578126035682,-0.7485167564111324,-0.7159438410921829,0.2986364188053643,-1.4276894876851023,-0.5037262226070547,-0.3490355384323064,0.16999102695466203,0.22247456194885942,0.5905377670650483,1
0.5574290442817305,-0.5502008083558085,-1.8331785349118705,-0.8387325283979992,-0.7102975670774849,0.3952571287681597,-2.336675393062018,-0.7922631194352286,-0.9463819833897842,-0.38434723695093814,0.9053886365606219,0.821200720246887,1
-1.3530295791213935,0.06259003661379337,1.7896459337903525,-0.6428594916787052,1.149212934398373,-0.47917779634043467,1.2116675626084896,1.0471270784114122,0.8322357489633234,1.162563973983174,-0.7531448142266896,-0.2537399398230849,2
-1.7245327313946375,0.4315723414453388,1.5170325191519027,-0.7152714483923982,1.1342116154134225,-0.49202341656135706,1.3626670897939563,1.0840756434585799,1.027935150174804,1.210815631731336,-0.4459764018088657,-0.0288492242693806,2
-1.0306225701190306,-1.0012137081148604,0.23919292130047415,-0.4144247391956422,0.714198661997821,-0.1055097792078223,0.24173421339566764,0.3920397197379255,0.14865107092638108,0.6036168431679726,-0.12784068087915842,-0.01578683187317783,2
-0.5670643226284325,-0.0224398508199575,1.1189249995414683,-0.3115571380546131,0.07276877711080003,0.2805947856680736,0.8658569033648794,-0.14282185221190916,-0.03948287818560353,0.4065926002367567,-1.3207061344944138,-0.2583025239009401,2
-1.677257149785818,0.04831525625869447,1.196967941524189,-0.6182742499234136,1.1503194607807978,-0.3321085562621659,1.234854139831394,1.1284567923631652,1.0670928002249251,1.2600467902101529,-0.6874438221192829,-0.024293713965289492,2
-1.6086273585478914,0.4560711975990769,1.1117281258126555,-0.4406838776457352,0.9393117597712815,-0.47265598996997543,1.1960337634181875,1.0193619828249583,1.0117299121257373,1.1953938620365716,-0.7680770295430802,0.3458371010313953,2
-1.4507284305707513,0.524030214943071,1.267018132042342,-0.39946166606135664,1.0176558672561467,-0.7124122644864117,1.2106999168392956,0.9211392797415692,0.8459937915769736,0.4407412995875026,-0.8504167495495262,0.751905745678988,2
-1.5334948461695346,0.5221466391615939,1.7251172212391266,-0.6610443096257314,1.208927479716107,-0.5972547599839826,1.2344938085083634,1.1606194862187476,0.9729639037462575,0.9023717378666878,-0.12310781680007833,-0.1476917780272728,2
-1.2185655759166931,-0.28761995768187243,2.1865057048066388,-0.555986203649161,0.6300183062126716,-0.2441584538427281,1.2450137069299583,0.5762443746763612,0.4239551708769261,1.1781826314625543,0.21466910841775155,-0.0934789494483071,2
-1.8577710636650848,0.6221025601972964,1.609283036579789,-0.46939845030034827,1.3401344544965137,-0.5740740262738527,1.5634244770004233,1.4951971018107555,1.3816053593556792,0.9663684056217349,-0.936046435693091,-0.1408033562540835,2
0.0022436911463175183,-1.0700336731872986,-0.8555366604697866,-0.5318731169508791,-0.21951646453768933,0.08108688447437126,-0.5305930191612581,-0.5104224831959433,-0.4763947256068934,-0.27792834498040137,-1.3183612965010103,-0.9728381798634868,2
-0.4070191133511911,-0.954340009829143,-0.7975796676081511,-0.3379167157013195,1.0560328111037018,-0.7699438599382157,-0.5441060923912427,0.9369430361907147,0.8897902258049697,0.2538538375888268,-1.2369629080653441,-0.8607134045577091,2
0.03638091876642048,-1.0079832143114194,-0.060008964662515075,-0.29665894164995693,-0.36106097327328346,-0.5013303257176437,0.035082752724275364,-0.7198102145800964,-0.7473639040500278,-0.002277175950836975,-1.1348432351389233,-1.098588911297593,2
-1.176387446324743,-0.13125181163509525,-0.7739140359391358,-0.534103423123308,1.1382203059202898,-0.9822254004457834,0.18288156084523724,0.9455751825422682,0.8515262259506033,0.7250271093676323,-1.1754317759855817,-1.0152067963616604,2
-1.1684596414494377,-0.16856812049091977,-0.5821036166907189,-0.5510302766035473,1.5081995090940006,-1.083955133888478,0.19865411403849528,1.2687993439375291,1.0486936975112546,1.131391133223827,-0.553207568658805,-1.0168536540585844,2
-0.3276184673454844,0.009395617517349356,-0.39743012134549854,-0.6561759400162446,-0.18211838458436433,-0.13904351657421798,0.2827244709089661,-0.23167609059370375,-0.34012352930886003,-0.1445897844195291,-0.8787473354850023,-0.1560980978220894,2
1.1021609081818722,-0.6881345802421184,-0.7772883503423881,-0.6314257291513389,-1.129296262418906,1.3020046372561154,-0.6543065073027367,-1.0748336798145353,-1.0847817819156753,-0.5757390186508387,-1.402391160363818,-1.753187112330049,2
0.4860702050246435,-0.26409828761115106,-0.642111472519403,-0.7444762243312665,-0.5369163788339266,-0.4665896624500954,-0.26735866397700225,-1.0195604387767097,-1.023028039335447,0.10242347860530568,-1.2795969076327076,-1.0778351186552826,2
-0.5663391440454081,-0.10972064683325074,-0.5190085962207175,-0.5616145420770903,0.24207753188696413,-1.1146893602808117,0.1334402315848381,-0.30124103472092684,-0.1865947657073952,0.6640080992031813,-0.8618172062403683,-0.641777764565634,2
1.993284146631428,-0.7728049739238441,-0.7437400775219243,0.03811789252359938,-1.4825729856007193,-0.5631193606905398,-1.1133201162989355,-1.559265290047198,-1.4858478156542523,-0.2970443414157706,-1.5332831584303412,-1.0433627799215635,2
-0.2316981054382748,-0.16360967889996073,-0.3908117063025368,-0.5672923706874011,0.5504123806945914,0.5826980522468072,-0.16630393901798574,0.40624058264715257,0.28717164916016574,0.020180069094073178,0.884598368808092,0.0247125303486744,2
1.7274074998867186,-1.097229651119429,-0.3203970330326573,-0.37866164154459725,-1.6132076378135063,0.029853948577737037,-0.6466551296079114,-1.6676114210920612,-1.6175340737647657,0.091335196130958,-0.8994935956528981,-1.4102634651032173,2
0.04560888786356786,-0.6994564899417441,-0.849166225938021,-0.557806302820458,-0.19075919117649717,0.11375895215019576,-0.5043538937881743,-0.7133096582896192,-0.6747732227779345,-1.015738785610191,-1.7478733667320672,-0.9666646068056771,2
0.5573645035386374,-0.8988598963863508,-1.4007494125830608,-0.7105485298233786,0.16941100108597418,-0.7273597992343516,-2.081170049958995,-0.9652815871470287,-0.9876244370924466,0.48558178923383755,-0.7363787693185435,-0.5972454145011693,2
0.7015773256690913,-1.3271605075783879,-0.5221905836611797,-0.37785895372556716,-0.6375195788754716,0.7104917179336925,-0.5541186331338521,-0.7293150963164574,-0.647655259689749,-0.5633068475547641,-0.8490775976508187,-1.1092467750449129,2
0.2582974780660711,-0.38571067570025563,-0.7761679056218991,-0.5279348489836957,-0.43073566007421865,-0.26126655645062524,-0.5598478113616218,-0.8792669033425199,-0.8903828409655185,0.30555247438927774,0.05495300415005992,-0.9455247917332427,2
1.1741888298620988,-0.5997171225529173,-0.46198938012299195,-0.4798957363654783,-1.0271777770584767,-0.40889285310653023,-0.4959910338631613,-1.317887839830818,-1.3023526915293113,0.1385420217078234,-0.732766328713103,-0.6086624184423773,2
-0.4370411146184688,0.15917039093329546,-0.21747971245223094,-0.5571828311179394,-0.19442274438465468,-0.43259894538017907,0.43670239742262257,-0.4225195173770317,-0.2664371204498638,0.2272667302997405,-1.695312867049587,-1.4631812195341254,2
0.23132050302607832,-0.741489454812208,-0.5599979754649002,-0.5776063944420207,-0.6779182806917892,-0.30734478290383194,-0.24642352387476912,-1.046160355444578,-1.017362482261296,0.2945593215436167,-1.554371822782848,-1.3146267989855052,2
1.2594368973512615,-0.8432586451852101,-0.20964708110639957,-0.28174392739133225,-1.3058085273150868,-0.3490811018324185,-0.266549490147466,-1.4601013931115854,-1.3807369946949262,-0.22145311176131108,-1.9338557725741083,-0.9555021374143163,2
0.875715187156054,-1.9284778063015129,-0.780709619094446,-0.2436403129503632,-0.46698403414989004,0.08331469054609156,-1.3229516197925335,-1.371759414947589,-1.3436972726752143,-0.12475237723228519,-0.42655080004711377,-1.6887947409383701,2
-0.32284697624046066,-0.8006713127775525,-0.457506991840013,-0.4990223155995557,-0.10455154643357496,-0.12954389790028817,0.1401861408705856,-0.3038645301807125,-0.20851060967328858,0.1857928925804686,-1.4205544819896934,-1.2460469829451588,2
0.17823423387075976,-0.5848055421921025,-1.0713186459356816,-0.5049439618047149,-0.07016098544614575,0.5802629483668552,-0.9321049935473511,-0.35375854766490455,-0.5297873203871987,0.7740492941678975,0.13312556325790323,-0.22593947361749733,2
-0.5442618368198532,-0.7590333623364857,-0.3996612146650353,-0.2046065693419617,0.2750265276794532,-0.04583874790547259,0.11234752760582167,0.217216676908514,0.35530603662746973,0.7071203301644265,-0.5672740283132692,-0.9296253964107802,2
-0.9066050290500033,-0.24047213775491785,-0.8012631920903637,-0.40209290326636177,0.785105830925883,-1.34184471363985,-0.09318551892308191,0.5480045449721098,0.5755405101082721,1.0961573838069811,-0.9188632691730914,-0.3605101809737534,2
-0.7423604491801095,-0.036005319993462924,-0.4707354274268474,-0.5238277143485969,0.575044792425442,-0.6688939528437429,0.24061789478288928,0.0049145382696394735,0.16692153827845105,-0.9242668603583936,-1.839195246816563,-0.7354390315639476,2
0.563059620932084,-0.41808752815475125,-1.6463803933707681,-0.7693990039939711,-0.36580235588788956,0.8805184848726839,-1.9470113440833092,-0.5878208885649865,-0.5234166165306349,0.2688708686856942,-0.24683663213730678,-0.7297979264067542,2
-0.4186347883505235,-0.059731785141999005,-0.8954893876341131,-0.6168906717768062,0.3702370096891334,-0.7318287989860279,-0.28851732724832635,-0.2159245392242642,-0.186884922105517,0.20201260897281706,-1.021808398041804,-0.9521665405002081,2
-1.2705241916214283,-0.1416530008802174,-0.6084337781567256,-0.5845909125029072,1.2861831661569403,-1.252224522101622,0.2641493961960977,1.0628602396497075,0.9188088335348609,0.6087172594420979,-0.5238690662576706,-0.4206642147822784,2
-1.6135054625159218,0.7215564148311088,-0.5256201402671473,-0.6302129719568231,1.5393352700589453,0.07154145976867728,0.5470394209137976,1.8225737474721913,2.1768181647551748,1.022006222825285,-0.921832695519731,-0.3164086428498309,2
-0.8876534239805994,-0.0657110175095759,-0.3325253321880871,-0.42268227796901253,0.6036920772609945,-0.34347397527841167,0.41572734246876614,0.2985767719940487,0.3455752010484312,0.3311383601453228,-1.4017163548704272,-0.6417296342265768,2
-0.9416945342229862,0.26248191361481377,-0.26827313535094865,-0.6790412850807409,1.2463297067256187,-0.26297224580117967,0.3283799762800114,0.7846216203622652,0.6033161051270286,0.1523138676624045,-1.2821044494981473,-0.6180056404539437,2
-1.1283236684307063,0.15723243176991,-0.2004970770995667,-0.7031791251277523,0.9004289568641,-0.35618103675580765,0.4315019911917344,0.5202092452923228,0.25925405608041474,0.5597628691417786,-0.25491370092009263,-1.440002422535631,2
-0.9905090506438659,0.29763734043546963,-0.5462357807572356,-0.43642623560392696,0.4722558886375519,-0.9446418815712324,0.4324526631702755,0.31593627219367953,0.45839353423337253,0.8520736889509151,-0.5951322064718225,-0.6427591072880992,2
0.6711048963653209,-0.22932660659120843,-0.26178758496597926,-0.45055513217132676,0.009204292267590303,-0.9483461667323355,-0.18211750472128696,-0.7707620931367825,-0.6603581485412984,0.39895741824149594,-0.7732490401472679,-0.8542021678726069,2
-1.1971152035963,-0.40766857857094285,0.24011189804283115,-0.3493493882335676,0.7696715102752453,-1.1521417646424241,0.8313018778897175,0.6667335824435038,0.8034850786664542,0.7421186763104892,-1.5929213770820545,-0.8550986635465176,2
-0.045009331361645026,-0.0568808220850563,-0.4194434383163655,-0.53538408481167,-0.5870413431842172,1.3461522865540663,0.17586013929615887,-0.4630832002018247,-0.12994129778047783,0.47891351497485113,-1.5020133659850918,-0.9336414980083193,2
0.3044181724434598,-0.8396156935079636,-0.6124463791912411,-0.5705414094183006,-0.7653264593626654,0.37780761213321085,-0.20969317890098174,-0.6459186186663715,-0.5845599887493381,0.6463937599969825,-0.9136784339358697,-1.65356839909998,2
0.03004310827236056,-0.8281933460309406,-0.2123412430281237,-0.26225302554657387,0.45559778901317416,-0.5769025937608556,-0.04448281399197446,-0.2833737612064987,-0.3669183654770633,-0.4886995738705814,-1.5585045987957795,-1.5298512504863129,2
0.34271752401242045,-0.6729068658526914,0.1933693160928084,-0.3750753924553225,-0.7914040990745381,-1.014671139498083,0.34413526629994234,-0.9948593827339686,-0.8418224917910456,0.19244526561836348,-1.6434723716659863,-1.005485045244992,2
0.4836576177612191,-0.33899669797761856,-0.326893552636037,-0.5669688403182604,-0.39237697231499397,0.6881193436176641,0.014673191430793892,-0.4432959088408196,-0.5899145764574683,-0.8097734804477095,0.7370997128734896,0.8346971938142091,2
0.694457184859221,-1.2759149488187294,-0.6172959925305492,-0.6118927000962715,-0.7490236017457687,0.6015077018511408,-0.5998554650150802,-0.8928498395133464,-0.9073314053166113,-1.4960862409390432,0.20061794032177988,0.4343985499527766,2
1.100059865720387,-0.6111212197508767,-0.9344424533606659,-0.7318814050596447,-1.1016915533524598,0.6707100498415375,-1.204836888101145,-1.4134920342574877,-1.5183894848180528,-0.6058532993054178,0.541409330172616,0.7191412682935854,2
-0.2623495297468385,-0.0664777742004357,0.04114444465746564,-0.5294047734607433,0.10376767463448015,0.9268510158482383,0.5971401435230157,0.24452536049495388,0.09701134056758909,-1.5074374429202162,0.6701838529099085,0.8395379492657615,2
0.2979395183651733,-0.8095386211856714,-0.4044692363845385,-0.5923991145514117,-0.26090962851570865,1.3124883952206141,-0.30414568804009473,-0.42238728474297027,-0.7656777192128588,-1.1241865019437616,1.2683715416179004,0.9111924097501426,2
0.14644429879034476,-0.2658266747780405,0.36784128596638355,-0.43080824662459377,-0.24056732835150868,0.22281813094803965,0.6145359738595213,-0.2931325296002578,-0.44877786084198446,-1.326691872844971,0.594160475882137,0.7872427825176327,2
0.9546969215161707,-0.7311154572580403,0.08138532709541485,-0.28152521271435493,-0.5364008686233155,0.7501360279646732,-0.2021215311222744,-0.8640495718146899,-1.0254893103707428,-0.48538687984561263,0.6932101520360483,0.8757038603247933,2
0.659231510782002,-0.7808886226980772,-0.011531875051396322,-0.19148258771815185,-0.488379306372836,0.42163389879940294,0.06655940514025736,-0.49648516356583144,-0.6434522009027747,-1.5442656127261765,0.27178755702625623,-0.09808378498567225,2
0.37823016312259733,-0.37467721839791013,0.5020600330312978,-0.15455366321795327,-0.17896520449805858,0.7643533077055686,0.4313986117260297,-0.2591011388981177,-0.5668529635220209,-1.0524921581005382,0.4422532889792452,0.8073374619507411,2
1.5234166795927762,-1.1567685531349103,0.22237710947779654,-0.18444463237134998,-0.4389597427422385,1.204674924363922,-0.40446897334311166,-0.6748722762205397,-0.9319490820537948,-0.8063222997060211,0.6396372329041105,0.9488315775828575,2
0.9010828659103245,-0.4497434333436873,0.15458520679982213,-0.3670283383452854,-0.5932047601410628,0.6450134663632221,-0.33877032501648796,-0.9543538822681629,-1.1579842728126664,-0.4743650516771783,0.7989313408476556,1.2093573270337508,2
1.0937300474211495,-0.7868738568352786,-0.359809434780133,-0.4481261220908814,-0.6585495923402007,0.572244551477602,-0.4171197859909011,-0.9348151882591939,-1.124134554911682,-0.8164292945243373,0.6872581029812413,0.6690121101903367,2
-0.10803909724489716,0.14071715406829155,-0.010690292238932647,-0.442674797769124,0.06591643663670028,0.31619976012736983,0.502700407136422,0.14040538443470565,-0.05003817306081852,-1.2424516225201894,0.7764440480374424,0.9793896111030801,2
1.0384092812304277,-0.5497635365688487,0.008789820855352612,-0.17245377774315124,-0.4299213909392171,0.7542266326728274,-0.40797060348890646,-0.5812145461672601,-0.8213162231139454,-0.532628115809806,0.5670106094716607,0.9947526050287558,2
0.9606882025064274,-1.4126587780130726,-0.7354954149095636,-0.5623186624082954,-0.7176242357600997,0.17883443482537992,-0.73131612649528,-0.8481763664219134,-0.9650955345372666,-0.9956868870086029,0.29830202116367877,0.6341137429166045,2
2.1538473406108296,-1.1762996588305161,-0.3092375291531971,0.2294885280816659,-1.9891152160300913,-0.369372333426135,-1.0610063147414561,-1.8631305938158145,-1.8273663714794188,0.18393013153929708,-0.6033716276742503,-1.1703883459075235,2
0.730080357531751,-0.7122673284487344,0.08559857341668145,-0.4389373806700381,-1.0132367338875754,-0.2141313092880275,0.4195887650870946,-0.843722771306712,-0.6992373754672953,-0.5654881038967506,0.7457157879722024,0.6471399061201508,2
2.447526571200285,-0.7042789730779342,-1.1488721170169032,-0.5008818582810602,-1.9088605793958147,-0.44906018037044193,-1.837967861146121,-1.9861862830737098,-1.8782628114922644,-0.5698645014738564,-0.01786953709534216,-0.22232789150815144,2
1.3587632914179164,-0.36170359720048,-0.7217448902314852,-0.3960681754521816,-1.4899063157323476,-0.26558895288701023,-0.8478223894533728,-1.4965129712268381,-1.4968765542731508,0.37877781484455103,0.1694699649936049,0.19933943755961453,2
1.0553744488961752,-0.326690008119124,-0.6655485178647725,-0.23339416616446065,-1.1591939374998936,0.9048315220757326,-0.7243330232037601,-1.1542314426105924,-1.2221410282200598,0.09319236699341624,0.0402641527198226,0.2058929065859192,2
0.24449917989961523,-0.1668244226872319,0.20530458747427174,-0.06904682169457478,-0.5181597894964912,0.27269627691175935,0.4510343238336619,-0.33323604285851594,-0.37399910281528426,-0.5278191132579778,1.1275163497364666,0.3072826442285259,2
2.0200700629763295,-1.0556398373204559,-0.18977207614935085,0.2421550420574309,-1.6082863711164261,-0.9453206873394542,-0.4123667254595824,-1.3660734116829323,-1.3146515079670822,-1.1506606465718516,-1.2860445155460603,-1.5322064347836142,2
0.5399802734311708,-0.4137083185751469,0.3927814798745501,-0.18619586366927707,-0.7016015825244152,-0.019826084797751543,0.48181126890068504,-0.6456329961767983,-0.6861442284914389,-1.7172989094647266,-0.01244956668907844,0.16129687343926985,2
0.7300628651808193,-0.04852305166958604,-0.5333252544489615,-0.43989206225275673,-0.7965858170779918,0.6373180530269038,-0.2242864478030253,-0.8153139122048788,-0.9130862869256171,-0.9829473164523991,0.531838166296231,-0.15232118058973776,2
1.7945114755757834,-0.29183834433254685,-0.7393696819119073,-0.026003382408600083,-1.0371086060069792,-0.18037100316163632,-0.6257989211247638,-0.9243317850307753,-0.9338432807604765,-1.1808509922931556,0.06239695172100325,-0.6862156893095014,2
-0.22929818504966284,-0.08505165888341014,0.7441746023322654,-0.04411711946186516,-0.0015331971532673936,0.2647507614413281,0.8343395378002416,0.17020533084686915,-0.021356293090400248,-1.1760317269942295,1.8071532997408937,0.7035567887758631,2
2.409228426000354,-0.9990293089415697,-0.03868922223070322,-0.0732002260719338,-1.5825561651003757,0.40324346743859035,-0.39370204190481933,-1.2596578770953715,-1.2306560300077556,-0.7691468868335515,-0.49143355860116905,-0.5523330498391117,2
1.2934860600321902,-0.5082802848019916,0.008929526039825686,-0.38838161795986065,-1.3010171687874892,-0.31122166615316693,0.26259411400259053,-1.048392442307541,-0.963155459681115,-0.741492888503818,-0.7063047936441644,0.28021389300475996,2
1.6181636968223991,-0.031929628477748585,-1.333251515428528,-0.5414405490998692,-1.5178864858232377,-0.561544425648218,-1.5754436909593748,-1.4922127659671485,-1.4775789408513234,1.0575150500858124,-0.09603643579203064,-0.5640016220291715,2
2.836068328853965,-0.8390951318568205,-0.23732668496223178,-0.4032606568745626,-1.9137513880326849,-0.7284905418402114,-0.8434665814828366,-1.7900165257903728,-1.7307990671740805,-0.7399024041800613,-0.8978451656473967,-0.786179363720416,2
0.2808681902248048,0.10366945502445758,0.3407276633104611,-0.2482341193956353,-0.10388539536194316,0.49834855606729794,0.4341669661326504,-0.08791277084173253,-0.2140126903866747,-1.863014584501949,1.241578281110171,0.9047245907413061,2
-0.06674402978274349,-0.0021586464063285847,0.5637646288926917,0.06601761125205627,-0.1712193840842335,0.6550076460983185,0.7022275657286766,-0.0984490671237756,-0.13989989800419894,-1.0830873390103,0.2663082790284907,0.46375227348965803,2
-0.251393587810665,0.0866023819726269,0.5432445729530269,-0.19161531389136918,0.035795104338945054,0.9126474839202839,0.7579372629900004,0.1439492190275613,0.07125102425673853,-1.4232741028295675,0.4574556326333389,0.5154654311626137,2
1.1405073081429946,-0.7392495698911608,0.002835972862761555,-0.3374991044404209,-0.9752183370361929,0.5018274731507586,-0.03998361191698114,-1.0471388769366357,-1.0706827812148398,-0.5683301604136346,-0.08216488014553552,0.24158893744309265,2
0.12393601622890166,-0.7241765541759443,0.7584374809202488,0.10571977509903278,-0.39199201705054676,0.9795181668154325,0.6416247966152522,-0.32616953089425404,-0.3317826127514292,-1.1073735866953405,0.03561602584056631,-0.03784582180735142,2
0.7527459204554511,-0.5009600856210707,0.06978888268261903,-0.3223021778080734,-0.7400366579324438,0.7768736030429683,-0.015006693939359248,-0.8138805104516492,-0.8468411794990234,-0.32748268340223774,0.6877909419835219,0.6329419818517324,2
0.4077391559599625,-0.08114413940228848,0.04156599781497556,-0.36148874093404076,-0.2990984898560341,1.0532862895551505,0.22054232101036683,-0.34395746482824524,-0.45126952285615135,-0.8484078937428827,0.4272653650790425,0.346605943766325,2
1.0847756225015046,-0.6154606216748053,-0.3389561888312618,-0.08545870753177741,-0.8286222154689118,0.17448184122781893,-0.2625659879554475,-0.8956108569125564,-0.8538391542231479,-0.5832694602566012,0.05576506194139032,-0.1526847152062909,2
0.49074232148083957,-0.3082520818909192,0.3319970795575589,-0.09060912714063318,-0.5310305046228452,0.9181192935731168,0.22523141799195878,-0.6642725082741473,-0.8098288918629923,-0.5466925466472353,0.4879230068829707,0.5864451109848201,2
1.4024742636583265,-0.6938284223397737,-0.39901159317474855,-0.2165981946737793,-1.093316333514454,0.0398086258634224,-0.6040849424802285,-1.263302208490114,-1.2304497737159446,-0.5346597775205669,0.019147946665279338,0.20058862776974246,2
0.15847315518237565,-0.0908841541079116,0.2519006084783149,-0.18399891795349266,-0.5140556068600995,0.9592947137405382,0.5276268827203049,-0.4378532136228361,-0.3840811843271163,-0.6948920479585274,0.19586420875680122,0.32682222360422575,2
0.947966136310661,-0.3106240057437158,-0.6304326980284293,-0.353494617647541,-0.8810055042075279,0.6022109415052449,-0.49098211913293655,-0.8506253148047377,-0.892864819346355,-0.47313521236025824,-0.15226425672302762,0.05820025330568926,2
-0.3262664292553626,-0.10262582022600102,0.694786458192086,-0.5923177640319294,-0.05747434910096856,1.787774302234747,0.9353838848978359,0.16916333769046224,0.18536689643437124,-1.346230211507965,0.8237858682930205,0.22402394465872366,2
0.9698002093805872,-1.565404794848649,-0.5837242425356826,-0.3577256979396282,-1.0005329752604253,0.561406532184875,-0.6894573218106554,-0.9638428960884362,-0.9286311513047986,-1.3038164510403758,-0.809761175917396,-0.43516700914077633,2
0.9430759686523326,-0.14821942679028333,1.1557256608555513,-0.007615632693705366,-0.944797177302314,0.9929551230951668,0.40115023908162994,-0.9306207691067537,-1.0167013477269369,-1.055133909941713,0.488368827624216,0.7207793248776652,2
0.6754328960557727,-0.6119902514955499,0.6772267200708458,0.523205603983645,-0.9131947606990664,0.6645771444851883,0.19691612161168187,-0.8587814236736684,-0.9007285487976578,-1.1754055786830626,0.1156222202275432,0.5804736988294575,2
0.624605100520325,-0.6499379710129368,1.3283567825895544,0.11144315779824344,-0.7236327575224428,0.6834335006330506,0.7453491765315373,-0.6783526391490456,-0.6260872116403577,-1.0455812242048792,0.6723245021313742,1.080184387017202,2
0.9289125930582408,-0.37695666600444455,0.33823049026935176,-0.05866486592097953,-0.8743167273028263,0.9948284277021887,-0.03831616899041213,-0.8877615277546488,-0.8961297041511341,-1.0280312022384335,0.2736925810729381,0.731598183892195,2
0.834772379450595,-1.320097527095678,0.6914420653790522,0.16272640967435487,-1.048461509530311,0.7877670338262821,0.04958761022997334,-1.011081682280668,-1.0858171679869923,-1.586541490168052,0.1986709278520546,-0.028683277360535987,2
-0.10129474038780248,0.02571357173191081,1.3692480482690685,0.325199540568849,-0.1567386845547557,0.5024756615189814,1.0213176666163466,-0.059853005893822066,-0.06278412128740753,-1.4229419520382023,0.49773427357281413,0.7996947273563,2
-0.5188994359300875,0.8176866364287396,0.1715306686900967,0.29781558771217675,0.6144399624435081,-1.1812479257983193,0.3335983441941302,0.20119141824894612,0.13370075973470597,0.9611577070746787,0.08626065376304701,-0.29755598426154917,3
-1.6694463023879493,0.38885346004630994,0.7045908065471321,-0.12052228154820104,0.998141049024145,-0.8884015599558737,1.1524125084814176,1.2383582094045706,1.5233439643355493,0.9311641163259697,0.2936046402590015,-0.34013188144931894,3
-1.6142242473430886,0.40632791852207023,0.4638630816237631,-0.23757905928967546,2.1959903983835227,-1.5008800440984704,0.911664085172094,2.2244498796074015,1.941823536918187,0.22887419041457907,-1.0965986080334587,-0.7459244195004215,3
-1.2256165767015443,1.4250832378415552,0.9973583318110659,-0.26703796648932027,0.9076393712804313,0.45827614274338446,0.9988401767325324,1.0376280035960248,1.1783460934923005,1.0917130106226276,0.8332832778568973,0.49509563928500344,3
-1.5233577272123218,0.0404719232396478,-0.24798236654610595,0.04169962749167797,1.6511208654549534,-2.017373579584142,0.6084530103443874,1.6660684911020267,1.5733306039233383,0.6266409178458244,-0.7162220029547245,-0.7792864395858174,3
-1.2890665359974804,0.8477690980951854,1.1573821651857314,-0.04523472228458229,0.620759272268848,-0.48033783559570586,1.1945921986369554,0.5712661925562206,0.7271281922297121,0.3553696960964794,-1.0519995019852115,0.19774697813885203,3
-1.4947500428363287,1.1663269842398412,0.9303562128586184,-0.2575521188234111,0.47102004904911,-0.2883457256583252,1.2967873507791308,0.5931276090193528,0.9025561564710924,0.3863770047820488,-0.23463210981774998,-0.3983292520797669,3
-1.497282060633701,0.6462743811490217,0.43799233235380686,0.5082577247207023,0.9225007858239078,-0.2823519193525614,0.9090367499362588,0.9688798619693164,1.2528150500739803,0.7987487840423414,0.14335578485694422,-0.7885736545156485,3
-1.3728013643349168,0.9244054494659049,0.9089468884764572,0.7094225169173466,0.34370987890528326,-0.36051393916278063,1.1172198033367196,0.5545637355945497,0.8373415518306755,0.5587137386905209,-0.2519326073677745,0.028156980214112413,3
-1.1621515377927358,0.7760227191476629,-0.18103844539133446,-0.32179026545438294,0.7233719532145455,-0.4984865695988764,0.754423718260996,0.8779408348723475,1.1380820763232293,0.727670310067221,-0.618372164998116,-0.060910817080627226,3
-1.610620430981211,0.7209764479091881,1.5544416673872343,-0.006710083466688352,0.7244647729857764,-0.5323218583382076,1.3747172707396151,0.8208533620951938,0.9430919596688762,0.8867721509861789,0.11580749308817459,0.12606164158790614,3
-1.5614567612038883,-0.06473358645637053,0.8838541919623395,-0.27067084314753526,1.4541497799080443,-1.4518162309235583,1.0299533445522056,1.4554166157362434,1.3001705462902002,0.8637174462340773,-0.4553511409698072,0.35584515262609745,3
-1.2705667161297278,0.6069115913361859,0.6815456974695654,0.17262758401543532,0.7050597647953989,-0.7739367291028424,0.863903121271477,0.7222975516198292,0.7474164891239651,0.8511890458257801,-0.12044438214241292,0.2548681792417806,3
-1.5135760347305072,0.5238871523528273,0.6085510335595802,-0.185193866389387,1.6459166197934014,-0.2621200615011965,1.0423098350628366,1.6712625889679735,1.661192207097044,1.0724694059824622,-1.01993260537213,-0.671671131008334,3
-1.6801524505368948,0.7029863271860604,0.6535341224065724,-0.5138976936720681,1.082937450929947,-0.6588565485439413,1.2034579956711366,1.2431912211517995,1.2366103057817814,0.8055201409553242,-0.7276206854868466,-0.37644280487051524,3
-0.5428665202407876,0.4402827464475481,1.2954968129892985,-0.2576162798996801,1.0718819832886182,-1.625844812110706,0.9755928391267442,0.5506280404318952,0.2235411221098359,-0.29108542823618394,-1.6421688972543034,-0.8771182124123794,3
-1.0918888355953296,0.6900379379180741,1.1403573288122393,-0.3057846505248301,0.6078722546121245,-0.245644718493287,1.0844265695186515,0.48394094047611824,0.4443304878753576,0.4957700650091685,-0.8837326623499576,0.09245328211075182,3
-0.8002513845887709,0.31508534213084205,-0.22529628608111216,0.12224211927989392,0.8117003723755575,-1.0170110292674486,0.46244528140289826,0.5178925295435604,0.5056034332345243,-0.25385061216874866,-1.3851651183414153,-1.2721657837073261,3
-1.0218937362079534,-0.10641011970216932,0.12044427624967628,-0.21401735598042096,1.4400184762694368,-2.0943917333303834,0.7129116239562857,1.4385014171870596,1.1746144551049036,0.12357646130610662,-0.32002194659910216,-0.8783691041518725,3
0.5113653508409988,0.8112006832256855,0.24599155146089807,0.04207358389759458,-0.18792678183389613,-1.1967500557250716,0.49378815919366426,-0.23774292384445836,-0.11850780391464116,1.47369505347409,-0.22632313314511796,-0.3775648583359639,3
-0.08724777940508384,-0.44414953908305116,-0.09571209473456563,-0.6090504304778611,-0.24442645076754158,0.024296290136670225,0.40306236004865054,-0.142144018723151,-0.1194352098417494,0.3062552310890748,0.181552746231461,-0.19080337019036844,3
-1.2252861069854497,0.27526617285632127,-0.29657804559625844,-0.281644396523984,2.018611982856292,-1.508889766057724,0.2939029843397733,1.810244376672271,1.4618750525797763,0.7202635888961775,-0.9094023396918506,-0.49255327601763094,3
-1.6981967906978424,0.6928983323272844,0.09163819460322933,0.3440276648265276,1.9132095438560859,-0.3812503237388413,0.7242179946355558,2.055266158283393,2.103748893351192,0.5845551789231213,-1.0344269160745172,-0.7279486125251244,3
-1.471661798363821,0.6929497760669269,0.7213293767901716,-0.29829602623690676,1.3151771936897594,-1.040378829288163,1.1211459478869554,1.3702905352326293,1.3484857917121902,0.28472454307361444,-1.1788728362380072,-0.8409737042985609,3
-1.125886275204107,-0.07449773072558805,0.1843588649201928,0.24958440474209082,0.8876582015723785,-2.1724752555300753,0.7474009994792399,0.6560862107488492,0.5901699064860927,0.6742103926836658,-1.1720260223365244,-0.5191985949675382,3
-0.6462886879596629,-0.255524331004088,-0.3496066905064423,0.0994180619092645,0.6328127089468545,-1.5233235888609682,0.20316918226700914,0.3223680675144446,0.29027316928549873,0.3979708422522542,-1.554669104197344,-1.3347166606051308,3
-1.356799844250154,0.2742402377057392,0.1853291836987193,-0.4174219505190832,1.3802834150587115,-0.8601854646281962,0.7631338373951326,1.2955685183769967,1.175075843530905,0.9600666756380936,-0.6719404628690065,-0.6039884224277373,3
-0.5978850909895509,1.30569456664104,-0.23211333538744996,0.11773468669019123,1.420178921510584,-0.30791576739676185,-0.1111615715002118,1.1276648089507064,0.9867783814935257,1.4875851987181585,0.19087527443578162,-0.1602297074537889,3
-1.8453100255681363,1.277445584352467,0.6348416601342342,0.09020267616331258,1.797881705573633,-1.571096698523553,1.237722520856183,2.004229650840907,2.1136344504022198,0.8046872357189789,-0.4318242756333434,-0.3563200215254252,3
-1.4698134902140743,0.06405312106624099,0.25454830357205155,0.03649591923260469,1.4989958446508675,-1.9625170443805202,0.8537244449376978,1.444980816256087,1.219201948588911,1.0466011135739262,-0.961223885370645,-1.099090613922236,3
-1.6112107978251582,0.8733120171934747,0.5958640660165142,0.4367711931298538,1.529657783411138,-1.1987325023579736,1.0355666399869996,1.5007671199140724,1.3490470398231378,0.7740065226601398,-0.4484146027928226,-0.47237545106533296,3
-1.5994372392790535,0.4698587322487053,-0.2298930589360676,-0.14870694041459767,1.2455671316164252,-1.2507351356769456,0.7779123112087092,1.339390413305072,1.4732125807333485,0.6843930662064633,-0.5878148155562487,-1.3116226246228073,3
-0.39233775305493873,-0.1275096470313955,-0.30110461545338923,0.3721934689793918,0.39214400041155645,-1.7627965623762336,0.21153852835541073,0.24463643590756598,0.34169033015509154,0.4515874657470829,-0.16884596654015172,-1.047867343759907,3
-0.8223736290606851,0.16005154870231264,0.3975704578120912,-0.5556353133015512,0.27542048602920605,0.14794165832834327,0.8652945031055054,0.28612045786542833,0.3459985004143167,0.6447956208712727,-0.49135726977620314,-0.02070463410383657,3
-1.7205313561189974,-0.25882836642516693,-0.12131415909357678,-0.2868742811809687,1.8837948221986769,-1.4254412018817266,0.7859402855286014,2.072308300161276,2.0276700350097276,0.35244017682668205,-0.5290356699019493,-1.026932306695029,3
-1.6902701921915666,0.29052340615349476,0.3295047817246314,0.3683561907114064,1.8754813722518782,-1.7306132924862816,0.925675595111726,1.988181898371169,1.9854925336342866,0.12801333664816858,-0.7081159055559273,-0.5560548107544105,3
-1.7591645703169487,0.6854190250087548,0.6434907365003393,-0.006750105004609993,1.4637649770346748,-1.1864100794723347,1.2071842965380066,1.5779327958471667,1.6004509099186366,1.1775263589702003,-0.23485303482028097,-0.4460212657015878,3
-1.8579430617295052,0.9264667511193373,0.5045869143722683,0.1606462806070845,1.816927116227463,-1.4071014993503246,1.177069668582684,2.031453705541547,2.0046121587365655,0.986255569021673,-0.38167341297942603,-0.36322196950115,3
-1.614807436291308,-0.10065136050448853,-0.27025003226885697,-0.32062606258785475,1.4140690022893811,-1.4075758289138445,0.6694385129913162,1.5688933729827033,1.6081533003967456,-0.041979542782827346,-0.9928417339632853,-0.5850031019039171,3
-0.5696878736759392,-0.4624913145121628,-0.09946082512621611,-0.48100711850898614,0.35888087038865457,-0.12046127620752652,0.37032176394116084,0.18659688816516778,0.17559286048823702,1.6838363307997668,-0.9180466070174635,-0.4358146131288812,3
-1.0718395855049576,0.5144462462476965,0.21791035233105197,0.7323020924736621,0.5535294190941267,-0.6514659884570286,0.6607912198336348,0.49673001878831236,0.5643000957375077,0.9041510567370442,0.18237147823892902,-0.7944197844021565,3
0.2596388096310541,-0.28342423077365914,0.6789461450566282,0.1030894186981634,0.398346601182878,-0.695985128874972,0.22456483996984744,-0.4437243425751796,-0.5955012479168811,0.4169324748974523,-1.3973731720816625,-1.0588997638280369,3
-0.8217125388323677,0.18649755040151442,0.07810598784156317,-0.314068035394561,0.28882622939214087,-1.1213635332418561,0.8201955404893584,0.20824072570840088,0.2810814395917457,0.5423633473430671,-0.7802094365348512,-0.11934018837223072,3
-0.8225256315584372,0.5068075858213696,0.6525202314549166,-0.16832261367022178,0.9848177582261001,-0.6181025078482763,0.8158346932688045,0.9197316365412328,0.9403375562004762,1.066432314817631,-0.28295639158554,-1.1553254138175986,3
-0.5204708823875002,-0.1461722109227054,0.2751148263397037,-0.022864939647005297,0.36942106204481684,-1.6642559012970053,0.7307810539860164,0.045430617346170266,0.1785136221027095,0.26768372239670113,-1.316835448190508,-0.8130448873357696,3
-0.3879557683504039,0.3487901779786773,0.06937433763687081,-0.06642183269390801,0.23925906995723725,-1.1009616587693183,0.6309058128924725,0.0232684278774153,0.06372811668540722,0.3936011094238521,-0.5357827955146224,-0.561743654325358,3
-0.13078548689359212,-0.02783323698108293,-0.2722319567452034,-0.012974279905296272,0.05748815525587812,-0.1581816128361926,0.1875757469704111,0.20110016346906398,0.0799117316876099,-0.8516383650528679,0.7650340953732602,0.8044908415599081,3
0.7379615664032814,-1.938383420854747,-1.2773570250934767,-0.5441578849091515,-1.182939746181553,-0.45587465306442476,-1.360339162798301,-0.8474041278389925,-0.6866443960835903,-0.9475677635838435,-1.778224601172529,-1.3575696816443268,3
-0.3518869931175001,0.3789453957911884,-0.28283934329802224,-0.3797872541799246,-0.16377083148573185,1.0623910638373233,0.3942387829487741,0.2625407345595315,0.5799439842002679,-0.9674428410898462,0.9354360420960733,1.7759926064376534,3
-0.11047023243215463,0.5196677858213976,1.1977939846105714,1.1492117378277977,-0.0648899144530446,0.25151185771570744,0.9915869895975027,0.22083985108180693,0.2718521105366972,-1.0162575372914342,0.9693935244832046,0.3682233007979281,3
-0.3593922672401262,0.8857228193821975,0.42839533269676294,-0.3460320046067538,0.029554536721805382,-0.12142152191927247,0.9848254636260574,0.2751398599329381,0.24256139068541302,-1.1002181579423511,1.4933585227806139,1.1384935041548159,3
-0.5343611661924765,0.9995801862053086,-0.37356376821460385,-0.4995513761087655,0.12540252149837186,0.14324074678020118,0.67119999530831,0.5068643278628077,0.6263830039662186,-1.0888553650938677,1.4024370280773781,1.1670037757618639,3
-0.29499689161516723,0.4595552861089039,-0.0843556019744908,-0.2874840453691237,-0.15151945114899965,0.0218064951755432,0.7382624443064902,0.31019208657003544,0.5427778596827023,-1.6241288617828469,0.5863715811657504,1.3292843667829117,3
0.6370103440496461,1.0902930145633147,0.6355679138031359,0.6270889374440572,0.8877867755618537,0.552777828455634,0.3588878952470926,1.1641927517839337,1.224018133399132,-1.6154914923489354,2.2939270312068567,2.145014177234895,3
-0.34662119230252536,0.2755614844188876,-1.1986692606535234,-0.6568288911321842,0.552550601101309,1.0516689704257705,-0.8160537598977655,0.6017650446762683,0.5076049834196882,-0.9582545432440849,-0.28195652642112107,1.3603686317162622,3
0.07654953914702015,1.0330939453059007,-0.1425887449096005,-0.32831961146300376,-0.32365045237622586,0.989388736302296,0.41340898809934795,-0.11103232458109455,-0.13161181462145188,-0.5902007989082546,1.3259140986442661,1.234093357971493,3
0.41617077070132874,-0.2499773485346017,-0.8325749783922392,-0.5963562922823862,-0.3795339333865996,0.3165133783579518,-0.3820006040028934,-0.481098574266402,-0.6250453597806405,-1.091878891127081,1.038834603691778,0.92593205126074,3
0.14312542679330068,-0.10667860702906487,-0.8328382396340814,-0.6922478145671551,-0.27194620738843833,-0.4902991766684502,0.012807571265914593,-0.2603758614904733,-0.3701290978863865,-1.4050085862831034,0.7138995461927763,0.8238703051105419,3
-0.0829555183971388,0.47157082889804103,-0.1317077982376543,-0.20140440590616573,0.0048281876882203595,0.5429531850687693,0.34883214667760093,0.10870128809205262,0.02190904203389218,-1.1884221226727059,0.9212224117515863,1.1601760546148934,3
-0.048329258931590506,0.3058775251603288,-0.21209146478391044,-0.05075389604992758,0.05185632433603572,-0.7736367986510837,0.35363849353583665,0.16277914611795907,0.108433975043989,-1.3719263191678401,0.3693315638130128,0.8181622476405868,3
0.3265476551295528,0.6869519259650035,-0.24942832282291466,-0.38232523624704917,-0.2909862026365639,0.5311836163725315,0.23296691623658028,-0.205218985170622,-0.31843725896473846,-1.151341851502743,1.3184511422298926,1.1068361679550347,3
-0.13051299828899143,-0.6799909137716353,0.8152757049142078,1.8293786005592894,0.4612998139816758,-0.12172337346279566,0.5243456324490359,0.6417098787736516,0.48461880755182396,-1.006390449278804,0.39731469343571274,0.6676926602002543,3
-0.16301167517440013,0.5899557347500588,0.30854382414498327,1.4907875817011842,-0.09780356593270854,0.3015400289394242,0.36464700961357976,0.2204695997064339,0.25884511498058405,-0.15282569933461468,1.410810212398929,1.5203311279565017,3
-0.8458197127466506,2.0732514526228423,2.4818750677373447,2.5263330396170423,0.7293789632404745,0.8068168199011995,0.925903079829841,0.8152784342431488,0.5325575487136727,-0.32766391144216495,1.7799507999550532,1.4016897943847375,3
0.4179183470370885,0.11655451949864522,-0.5887263584809421,-0.5728120399050728,0.30609450328945126,0.3354995282681648,-0.4452881957172037,0.23813587961708874,-0.08041156074400681,0.1122872583912242,1.4560031885094296,1.3461397357897416,3
0.24778095604899392,1.127806034480724,0.8297814298097701,0.6913576369684905,-0.09866351220672354,0.8252152958337772,0.38154492213350905,-0.13325269640883655,-0.4406940890642426,-0.20089713116991936,1.8872854593970003,1.3253940779872595,3
-0.07760602573072332,0.8811465312857255,0.590086639620019,0.23490079424502525,0.0660613221527506,0.22162465268923967,0.8673374849135734,0.34371041465201624,0.40542601692611674,-1.1493995360608336,1.1144277894717909,1.2494426823073272,3
-0.48488028167877406,-0.17015160779114996,-0.6018971904360981,-0.5808340186223679,0.08881070833937775,0.1750291722783961,0.40635304020361546,0.3878232213750277,0.474313942553757,-0.9908767978129642,0.5054389379918686,0.843523925190304,3
-0.7782095144534653,0.45733634613899593,-0.3667238511348861,-0.3773053132759419,0.6781280053685356,0.3456737503220814,0.5106461967768217,0.9900317941138393,1.053011779611877,-1.090373285758733,0.810907250143561,1.158739313808479,3
-0.26662610795739616,0.12920514750217788,-0.293686072102539,-0.3630329282097902,-0.06390282607138302,0.06529352904291846,0.2606880800504424,-0.03611460342705063,-0.37916924016089165,-0.4145824972830702,1.159765317276108,-0.080849586716313,3
-0.47781246712557035,0.9395596727986991,-0.3023835958499553,-0.4570969195383661,0.1306408132913933,0.021045862904970004,0.6263448924781563,0.38850025246142356,0.34485558586379444,-1.1133083522346965,1.3607179392246507,1.036326702905067,3
-0.8169751276524349,0.6951222941860623,-0.498565020109412,-0.4090707162057644,0.547752938799264,0.2702196294223964,0.38912693779492546,0.9075397876807365,0.8476082597652738,-1.1459967713378065,0.7512429682554113,1.64212707785245,3
-0.3954491295788614,0.6794672293023211,-0.7059021394919367,-0.40405079323465715,0.11302704070531337,0.27527354158229655,0.1605626726243487,0.5699075584781033,0.9787218890141974,-0.8455525560238722,0.7174707587289108,0.2824085791108458,3
-0.583667881177505,0.8269618202011662,-0.538116761400747,-0.3641840566399273,0.41322350983416584,0.07232076264983854,0.491557477795837,0.8594547126305093,0.9011340660756687,-1.5774118710880496,0.899358524522129,1.1163589969061332,3
-0.6426409296058762,0.29380808892966065,0.7124869679495889,0.4883351462740012,0.2685225762470474,-0.08173254650476294,1.034978624371596,0.6181354447731173,0.6236955392090586,-1.271202648145577,0.5932637653747319,0.8743636669711055,3
-0.6576365490343852,0.6171078630183989,-0.30382428080791696,-0.48878285742005956,0.45152978161117513,0.4071072632502783,0.5267931612570205,0.7638875433413773,0.6819497594016053,-0.7921104475249867,1.639423827436844,1.5967325685942917,3
0.043264611246454435,-0.31402321208313266,-0.10066667740004821,-0.11487448285389594,-0.1478580573041682,-0.5528250704013316,0.48510374522397304,-0.009884938134555023,0.06894036979634525,-1.587297673521858,-0.39431070330107293,0.5278755069079201,3
-0.21636048038982397,0.4522032408034417,1.1540325924640042,0.5302302096427634,0.06726550901457627,0.5176306741775052,0.8745915701327647,0.23655966661907227,0.14929820025317617,-0.4195143509545691,0.7734687838637762,1.5162620829859994,3
0.0002997782509614163,-0.5742750086873081,-0.9538395355655971,-0.4479960108049423,0.12230932540803544,-0.3066447250579634,-0.3749748916072658,0.19641912822327706,0.0230153969567544,-1.2921187304219004,0.35449663998148456,0.8837663373597514,3
-0.2548330967106865,0.908541057555857,-0.7020450880684868,-0.3511178227372726,0.20046171868346765,0.1693975518043899,-0.10099316326201284,0.29579988667875073,0.12564174533037784,-0.7788284002310131,0.7992658964920242,1.3444827520812657,3
-0.18596978258782124,0.12135189319048567,-1.0912829281425682,-0.5533235327465584,0.32650715330490954,0.7537982892434243,-0.7471572334462013,0.24477395784699027,-0.08103440954504963,-1.5687108726221317,0.16873123909604013,1.107764744148881,3
0.9333191575317571,-0.2489701536034611,-0.7941482827991152,-0.20534729809506225,-0.06475641039990772,0.14605526628367474,-0.4851841875732456,0.10700342107069895,0.12625118685488926,-1.1773079297803914,0.20336256386182863,0.5692772532423837,3
-0.1264656301940912,0.5376817911379305,0.7622174431143167,1.1787768920263264,0.2749957980307302,-0.21321002571863432,0.8074691291125943,0.5380712295013884,0.5236536647740354,-0.5636757027592791,1.024554991539652,1.3881859602690387,3
0.16747493008643968,0.43314994946103813,-0.6590443807486082,-0.5403452691569693,-0.06102856489789758,0.047167487936217924,-0.22909708550781063,-0.1403192083730987,-0.34000097270558993,-1.1436700254634333,1.112807306690319,0.801787704066642,3
0.24710674655747739,1.5284680066095175,-1.0486967658684379,-0.201650232835449,-0.2708134194018149,0.4424615952684033,-0.5257414687335588,0.09760961474694972,0.35325347148075237,-0.6230390541189923,0.9286298623431442,0.3096728150284984,3
-0.5007447884009795,2.3183449838861083,-0.6342404793791874,-0.004259411109527544,0.9559259038864505,0.06820506368050809,-0.22306385589779973,1.2725177256073463,1.1203612658233002,-1.0683153823141285,1.0774215420497304,1.641202707686247,3
0.7195308111624835,0.200258260815472,0.5243019515608363,-0.04101737703198818,-0.6986431485214795,0.8419874475193277,0.4864268227681609,-0.48792706748935266,-0.4673264418154278,-0.1948563574899528,1.1617086124608957,0.16568232639841018,3
-0.13626044193910433,0.07158962892384887,-0.17681255399884496,-0.6044877934889457,-0.09935346826398597,0.031941574984754514,0.4415527504047732,-0.02864081494987867,-0.08731307240920858,-1.5314939258084668,1.1949153722581645,1.0668332125866562,3
-0.2220997810489863,0.2346150848207273,-0.18009661611062305,-0.029440170046076772,-0.41704862423189426,0.8841812864584937,0.4652618230141414,-0.11984959662033427,0.05046085708380878,-0.3155462633600878,0.880302201225411,0.6757921311601679,3
0.20251361696404346,0.623823965713806,-0.4651835555839097,-0.563494948806562,-0.25437411257344045,0.37854230966496083,0.29531864438230165,-0.09519085502049315,-0.10267508637443101,-1.2850135287605902,1.042137749293675,1.0618700999672923,3
-0.6584126967089176,1.3047808278369153,-0.6128328917899413,-0.04764729986286864,0.2920038256084982,0.38896375221534296,0.1879896240668945,0.5626136063832555,0.5198140807120614,-1.145663896117234,1.2269643667649222,0.9879770768611804,3
0.5456518666285368,0.4626205980810232,0.6513021911606289,1.9831537906124999,-0.30958208713687085,0.5123654419234915,0.27588945171696916,-0.23351676885984374,-0.22969336568490603,-0.09106179483816498,1.169940117536082,0.4365929492842503,3
-0.31246285322440104,-0.09804132562820461,-0.36821246548328956,-0.4602349494230223,0.299655098602268,0.8921511157465712,0.20647752474381736,0.4411817338716384,0.35610609993334663,-0.7573304805633451,1.15131947693078,0.8510225077464171,3
-0.22579488938719183,0.3601642663285122,0.3421845888056801,0.15922146981686866,0.11401470644977985,1.061948852526744,0.5834524428171787,0.2832219185267944,0.3612553494382166,-1.5147412589224192,0.41495168975632285,1.0425263876516286,3
-0.2466513511546132,0.4688648881928526,-0.48039070105669535,-0.5852751872159273,0.21036421163786423,0.8251427145855431,0.1445481356431235,0.31844869224085337,0.007110680030373651,-0.5913003617061331,1.477190191945281,1.3530980349767359,3
-0.018506459350354467,1.092870100949209,-0.4940872937442574,-0.07114616330205797,0.06458648350948469,0.9706658359979604,-0.1530928216405326,0.2766261547397922,0.39807540224429394,0.17950097136828863,0.6908266965211699,1.2652523754870533,3
-0.05117432949218946,0.4629934427083356,-0.5919657819678016,-0.3789279471700384,-0.12185737655328659,1.5078619868685161,0.10653043691735135,0.24369493955304602,0.3902652730202295,-0.2758037148547543,1.3791772158701687,0.965175436273312,3
-0.7775702896638127,0.4428504014811748,-0.34672553388087723,-0.2255437240526175,0.8316306000332963,0.05911751919009955,0.2753939088340642,1.054619501894977,0.8712477698626677,-0.5349360265247995,1.4137496554631983,1.222772547794323,3
-0.3698361055231598,0.761838210307127,-0.12479097474886142,-0.41041873188538786,0.3601498415673472,0.23121960554199103,0.528159396734526,0.5167764861120787,0.3012516974595515,-2.250363500763656,0.6671568846821124,0.5391097111522481,3
-0.3698361055231598,0.761838210307127,-0.12479097474886142,-0.41041873188538786,0.3601498415673472,0.23121960554199103,0.528159396734526,0.5167764861120787,0.3012516974595515,-2.250363500763656,0.6671568846821124,0.5391097111522481,3
-0.24759201740558134,1.0040566489498564,-0.08565255970122881,-0.16056063732377074,0.206151831716764,-0.1443205155152904,0.6346058198508359,0.5733138711315352,0.6505090083236277,-1.1788777678717515,0.7528456249659331,0.946286739675448,4
-0.45672724763087785,0.960132269251874,2.354673725800034,1.0549268848621636,0.3774849243104277,1.3002940251079138,0.6316054204543022,0.6069697211529402,0.8474095155303499,-0.37245428266120223,1.05660989990881,2.0243736422509317,4
0.8951208393690401,0.31142132301736064,-0.568990296957088,-0.5303257367601374,-0.6313941162691897,0.44671957509655436,-0.5823361381276515,-0.9387292742274226,-0.9944350476521486,-1.1164969273888827,0.20941607789867778,0.4700370825002324,4
-0.22892677418462076,1.0830708034579026,2.0642878920833923,2.8714874255435143,0.16609948108160397,0.12831326342755484,1.0400677679535837,0.35115775660237597,0.4059355886987358,0.20463471670866495,0.8665163120999736,1.5898830525768048,4
0.6524770505842832,0.8637999472485048,1.0609513090918088,3.3943649649711416,0.22165279093510257,0.1610601336139666,0.04358112357054983,0.3094092693763901,0.23789989221404445,0.39255266718034076,1.4265550262026412,0.9191342502649612,4
-0.7964419727849937,1.3709004865185064,1.9921270411228296,0.64475786840873,0.5094200854897851,0.9886457540623108,1.3254047227564938,0.7762486499734728,0.7080331381857541,-0.9300778692415707,1.4632388836401287,1.2169317136789846,4
-0.2934171513706748,1.0466940777611182,2.128616721099146,3.580430434643739,0.7547055006872188,0.536106774224199,0.8478339907519439,0.9370541116033267,0.9162450199872472,0.04559823741489994,1.1490578469813506,1.2870677025925144,4
-0.057433876795443074,0.659455859551626,2.0269812755701437,1.7609626898115767,0.05070729619037576,0.5136499919387603,0.858507441607734,-0.012603641090865347,-0.21690609278249823,-0.7387692761622628,-0.19361170156576119,0.9410265285579911,4
-0.07857775598420823,0.9160895689527145,0.16742406754781725,1.3213607774056348,0.20313518124866928,0.6535039115195248,0.3330264641574954,0.7505532045225872,1.2133522611862932,-1.070888132273346,0.6669995759422606,0.23058735520491289,4
-0.01678949462872512,2.2263986081425338,1.2923321934779857,1.9060625096294845,0.08133575368440167,0.794702895506145,0.4947878865248507,0.13927347308713636,-0.0032256462525857964,-0.22578368919108005,1.569503302955091,1.0343775914584408,4
-0.5129387665539615,0.5932404175262247,0.6212695376055756,0.7774072465154427,-0.23975070921783576,0.07970730045086889,0.7690371441631096,0.05723105760984382,0.1144613028037115,-0.22269786224607313,1.8795510566984464,0.7808429290918544,4
-0.08555403728727777,0.7989341684781497,1.110372817937986,0.9784716545657318,-0.0033490979099908866,0.8011988271718989,0.7016665624891093,0.005734380600822794,-0.1493959389211998,-0.7330059588685406,0.575226062634617,0.8271233807181994,4
0.026847436712482076,-0.2452214972897589,1.0362935725577023,0.3094286599414939,-0.2520476430653683,0.4783635585076933,0.7730060774342857,-0.1877166737262043,-0.3151331825042299,-0.43993691583368955,0.7798165547969219,0.9577452972579436,4
1.6899224474128567,-0.4714051672561479,0.08843731573106113,-0.5501856129624193,-1.054017026905635,-0.1375897904154233,0.15174149041556992,-0.6009701016960901,-0.5641076513583567,-0.2432082641665306,-0.5018858879752213,0.5558117513331637,4
-0.01696034664256703,1.3592762836059338,0.8273235631346303,0.1932395568491958,-0.2383634843887062,2.0186345410960653,0.9303115055535298,0.12828229654392098,0.32715513548452696,-0.9333816286396543,0.7209010523724175,1.3053859088954558,4
-0.5614898421379635,0.5514972523890793,0.14172593111756437,0.28009862539697206,0.19669607114073104,0.254041995603893,0.6249264084598757,0.4514482755801954,0.2720695597277306,-0.9211847762976223,1.1447737605747164,0.7632865873416157,4
-0.355576069610557,1.0851332074771847,1.1716448914234592,2.2461448399900603,0.008644440477109168,0.918098221597823,0.562687280110584,0.21993009055946236,0.32165548531615684,-0.15943605547850914,0.6413720221974083,0.9557810823484155,4
-0.42954292791389237,1.2531582599567355,0.9224132799276632,0.5621921144702627,0.22040658145027142,0.7824791086757984,0.6758742838799495,0.24338287053666002,-0.08016234815524877,-0.6322141915008282,1.5749294406750012,0.7152181916006213,4
-0.1539215337389052,1.0149667637621542,0.5280800855518359,1.1274568390524153,0.17963028486961974,1.204962968060387,0.30931794037733706,0.5040239708831601,0.6633646100104804,-0.684272519476327,1.0453004829054355,1.006948938096541,4
-0.17297673574874095,0.6522123360397902,1.447633778327105,2.4081002232034643,0.31817047790439557,0.3295536892224,0.7960553076527539,0.43372381331055354,0.37429638167179846,0.1447041372799463,0.6982790924669712,0.6216594082895037,4
-0.006299965118689173,1.3648507027365626,0.685969491844204,0.7198793135173578,0.037489412295889084,1.817508000022394,0.22220966414980675,0.4409490044356897,0.6646713442618256,0.0069034550191513985,1.4724122980282093,1.1780226122725357,4
-0.39849325102937366,0.627852867923465,1.6909852793540663,0.6382720396294449,0.049221980213605854,0.8153199322563255,1.1662486924352937,0.2633976020282516,0.2842058465539442,-1.0717407250807707,0.7781120106856149,1.328754694074439,4
0.24126807124948738,0.7436052016418305,0.6498742122139926,0.8824385154909995,0.05695562902586857,0.14699383967895022,0.4379026370109392,0.019433681489623357,-0.24698168571107468,-0.8606587160608291,0.5067197961040576,0.23320990903219052,4
-0.35369503870087776,0.027289464956288957,0.9087684863270374,0.013409299654111325,-0.09269865973650811,0.9979109395068333,0.9959435659289326,0.09878912984278093,0.05291307821507594,-1.2660402448789811,1.0393146403511975,1.011823150586167,4
-0.2780508750577667,0.637519391572456,0.7269896458400371,1.2636515914314743,-0.15101066187449813,0.19593485306621813,0.8120947315439663,0.22460054719452416,0.44064045238679106,-0.6495084899572372,0.545361310963591,0.2818291988029498,4
-0.26793667711212,1.574176259222146,1.8385610303865971,1.1779960591599166,-0.03001596502947815,0.7532377506869646,0.9997846619090719,0.15373443394813321,0.14354113179953676,-0.6446284933431324,1.6702657181439213,1.5052380845323103,4
-1.0148686572776295,1.1855559192075944,0.5138284808827741,0.8915167985681843,1.2822583875160785,0.562054120211921,0.41542179427958875,1.5556178594889194,1.7574281088764079,0.9128177897014753,-0.4956641667949538,0.21612282613881734,4
-0.7935843861457108,0.6023912789278483,0.06353475233605149,-0.3458979572273328,0.7409777305690389,-1.02768011255312,0.35145086030548534,0.6736511503397351,0.6104691566748367,0.32900906952511133,-0.5405095767638048,-0.39333481411361226,4
-1.0436741861745062,-0.052587719526805264,0.36087720342827395,-0.49506717472814527,0.8697181689561192,-0.39933115915495454,0.6114604946270842,0.7446291825166195,0.798701147220906,0.26972173493684265,-0.7625369823849628,-0.19501044934080825,4
-1.410875426487567,0.74232131288247,0.5455874151851169,0.004069637949620178,1.160849181906517,-0.624118886982275,0.7206486689014077,1.1536864444075239,1.292194213295933,0.9597603253929321,-0.2737358352657529,-0.009593838534231085,4
-1.9168561536170963,1.9648236050637,0.9610599692900119,-0.6006964271365405,1.8290791240561595,-0.5902575434358855,1.2041422060789526,1.9497868307449893,2.1276678848704953,0.6652265046124523,0.6148791858996216,-0.29875680515377667,4
-1.6231434462870644,1.2374189253280559,1.2530523364529655,0.14697677844677653,1.383086519296979,-1.2881716910314995,1.1916718784114915,1.4013474040051703,1.2328935283459128,1.5286303433804254,-0.7218691163674147,-0.6062885937952921,4
-0.458026054687561,1.1821117608385374,0.05576290874224268,0.5951806240431968,0.3779662015196989,-0.4472828102834182,-0.035835061813499526,-0.02732797245678254,-0.0789810167849374,0.9989271881182694,0.05087801502115576,0.5154992705668365,4
-1.289560091726788,1.4808037895246289,1.2680719387609893,0.008979542979136907,0.929346253498417,-0.1732036499241309,1.125272464992341,1.014371269173306,1.0971755912200687,1.2171735001489845,-0.4420489213049784,0.3865281242856402,4
-1.8807971801325591,1.130794425813569,1.472024749563488,-0.06700795279604188,0.9361867666318415,-0.5596595944906082,1.4983733114308941,1.1323425976573402,1.3825238848955173,1.4465148076980312,0.07858015169608565,-0.23321150423008388,4
-1.1729742664287963,1.8457636838565181,0.9304733702052485,1.4902019845765058,1.1237327134597592,-0.5859428313665592,0.43592774993974076,1.0316746046664806,0.8732920598670121,1.0343180662300928,-0.2083411896790645,0.7999467066487622,4
1.5015851700570373,1.7017660424024106,-0.6225702060324814,0.28304381422614094,0.5967147028354925,-0.14380932500353566,-0.7339656743460433,0.7822830621865852,1.0684771478382544,1.4958741539250096,-0.0871658956426017,-0.24884463984031904,4
-0.826595015888131,0.37166365692990455,0.42275684973346195,3.8277891373694324,1.1255654620069968,-1.4234408650817665,0.4848629588815547,1.5888376004380427,2.2117906115791315,0.1947829986690413,-1.4237146303987473,-1.701198698825286,4
1.0511667845164434,0.2392358350064621,2.118028835379056,4.401362184588411,-0.052690316385439404,-0.5320558471629188,0.8251828113912903,-0.09924221048402573,0.00871683604817789,0.5880588687084902,-1.110477699630327,-0.17163717135956919,4
0.06272605802706784,0.17107961666050525,0.817642923187209,1.6532565838262916,1.3206582435281102,-1.5529942508250874,0.23539194304696204,0.8916097703399074,0.6857424432215615,1.008244361919939,-0.7835369388014631,-1.0447146105890088,4
0.7787903722354267,-0.40481271611022523,0.00015338956047032356,2.111226290228426,1.0401684150429324,-1.3677938606511018,-0.3837434859990308,0.47444193183078287,0.35603519464929617,0.39017175814893157,-1.4921646729946283,-1.9051414275285472,4
-0.897805773346813,0.5708838256733088,0.8544795391616362,2.303771175325195,0.8053903580049917,-0.335942214946796,0.6738238579520538,0.6240207226173049,0.6989264155587666,1.527315914879779,-0.7729562194746971,-0.676954016438451,4
-0.9318128639078286,0.8646428896680738,1.802736477160757,1.4304311664219274,0.982258430038072,-0.000612045376954698,0.6964999840949719,0.9109819594202967,0.9703971745626477,1.146144423794101,-0.10101151477828331,0.24829779051336462,4
0.17828897286548567,0.806412985856302,0.0843601181881307,1.3495657773425433,-0.01842190190003418,-1.0815255531473495,-0.10233300504388261,-0.44321643702774804,-0.4975354017219958,1.9311319521818122,-0.5245076789131705,0.11539458193469299,4
0.14017012426260517,-0.2995509857558831,-1.3963421786812165,-0.5430179316814877,0.15193404702926055,-1.0356968284870793,-1.2414172530199574,-0.07336254093159578,0.4260559875780481,-0.36426159202212866,-1.837617546605371,-1.6940346866499083,4
0.06272605802706784,0.17107961666050525,0.817642923187209,1.6532565838262916,1.3206582435281102,-1.5529942508250874,0.23539194304696204,0.8916097703399074,0.6857424432215615,1.008244361919939,-0.7835369388014631,-1.0447146105890088,4
-0.5811156566988842,1.3911040353822943,1.4801928561723614,4.101129360091659,0.6813056429861041,-0.672031515934269,0.6875700339155192,0.2715642895079071,0.14596792310017315,1.042382701933026,-0.37798067057096224,-0.18184013409893396,4
-1.1799831196956696,0.8647029073643229,1.7699641089575262,3.182550012141543,1.955876392175208,-0.6068332634884991,0.6768007674584068,1.7562775940589752,1.4434958924015278,1.2893095405534771,-0.27783684538921904,-0.30713956163463557,4
-0.24269461153307456,0.46197007974473564,1.515181463545199,2.5781986406525808,0.8349112480058622,0.5311086937937093,0.5684843734583909,0.5223831497962985,0.19963168527770925,0.997857652911017,0.2981411641063865,-0.29897972461888367,4
-1.2285155568781618,1.2888442922062737,2.405345725544962,0.7986725558169521,1.5448215567485601,0.9345039850633811,0.9973109988519872,1.3407180289510525,1.2339165940150743,1.85898230458205,-0.07781768437871343,-0.080154062690533,4
0.1765254121400814,0.589776539056971,2.176258931309052,2.0715149605134107,0.35132262782226475,0.09837292820697066,0.304107455646414,-0.6062276712263868,-0.7251341120847694,1.733857926060056,-1.1183130350633068,-0.8319071528735552,4
-0.46658328260415227,0.1797385779230721,1.7234486812387464,1.248014840758928,0.6373779386386592,0.7738664940900863,0.6568470736853167,0.45837726560503267,0.41643249626936846,1.0175088938659067,0.3103521071908352,-0.16521824742208868,4
-0.6859234900445866,1.00946644811363,-0.31768087173401066,-0.39452247429432363,1.2143658869814924,-0.8341106061745941,-0.01925253649367295,0.8172672130594383,0.5499031508035853,1.3807979707173716,-0.0866412093220588,-0.16428455708099407,4
-0.5195716850719304,1.5669075037808664,-0.3338183288081772,-0.4549622081398037,1.8586999389013688,-0.8280839011723602,-0.003905774980107904,1.5440071912522755,1.2250834313287629,1.212958614063558,-0.4896432634850557,-0.40993435148902435,4
-1.2743127935594416,0.8360622177439019,-0.10186308395802708,-0.32883356067625835,2.049535498254246,-1.5456194797111156,0.3965212139517312,1.9351936372499314,1.4752841441117888,1.6598411466962406,-0.13310258219183288,-0.46726588265159064,4
-0.1307535181143032,0.14375282464756928,0.04414635409569503,0.5104088135711654,-0.35502983600844507,0.4437852875283768,-0.16961078468785817,-0.6482882274687587,-0.6528279507820599,1.6220313632411059,-0.01676770004638974,-0.06172372751427655,4
-0.9916089576067647,1.381476094538035,0.5444089859573099,-0.35865056980737486,0.48321693935154847,0.5835169176114966,0.4336615243665428,0.3838615316585366,0.2143575537734339,1.5275577534966838,0.8087214021166061,0.4210652511397155,4
-0.5557401365459198,0.2677025957928539,1.430223800507214,0.29308388036938937,0.07007138282853874,0.9579000011193892,0.3084134199459856,-0.43329383240038577,-0.5461767560103681,1.6844073017530081,0.42515631277954485,0.341845963163836,4
-0.8946838410938799,1.5602684442098294,-0.006746858220503329,0.37412185200913695,0.326455148821047,0.40307777327388766,0.3463189080451313,0.4057962809967048,0.6641268680538089,0.9621935201023497,0.7215739654298403,0.05185431350697785,4
-0.43928450862546686,1.4807424244923408,0.31093678961119703,-0.0980408294612787,0.08328867323831636,0.8342642383865392,0.11314632357393564,-0.2242181700326189,-0.35346826675151216,1.8059752520433703,0.03359720218454984,0.011697694742304521,4
-0.08114189335699835,0.7445621776842732,0.7524242163279363,0.24244138597696227,-0.36158905251278506,1.2983861408491282,-0.08994573020393686,-0.5635747127834178,-0.6777520674046537,1.7651393829051583,0.3226233716717687,0.0992117949846784,4
-0.3869416643847479,1.1603324412354659,0.37695030775443444,0.04321887700033188,-0.0790157188254316,0.09732383200110878,0.17213454691790506,-0.4868744957222209,-0.5459373537929003,1.8919214969289497,0.7231003333153962,-0.049190386481553515,4
0.05365989317603917,1.139666388655274,0.9142549237351542,4.995941034190381,0.5041131845129925,-0.7377246296117936,0.00412988294872194,0.22678503030922492,0.34439439538866656,0.6965259273018853,-0.05368828094739232,-0.30853084866503877,4
-0.632914126914916,0.8180407408366113,0.8413691902579912,3.950012547020888,0.47871627942901335,-0.2747450563397705,0.45579212425361065,0.474842873198406,0.6549016635876606,0.12510995719892032,-1.0784112592294879,-1.3755121654097024,4
-0.7894035634768911,0.36002561320166604,1.6013632608876993,3.057143183667307,0.6316418978583473,0.7514878762258228,0.6200802565158583,0.4452068952524791,0.31763561141042074,0.7142985301421524,-0.11363068333586039,-0.4776886198944834,4
0.09075468526876831,0.4748496323896767,1.1591719759896455,4.324290171195867,1.020105998036754,-0.30364373958508145,0.04418822846374211,0.4711773845822132,0.34175180139433947,0.6575004429731854,-0.3741478118654821,-0.17497369837933568,4
-0.17192282160510258,0.3795880750814346,0.8973729919015048,3.3102789981444967,0.45857985456564926,0.0032383628264983032,0.3248306478865266,0.15443791156134187,0.059588372271719654,0.5810080475329783,-0.9094626948818346,-0.36323167204219126,4
-1.253096683025018,1.4639026837756925,1.3272086710626305,4.482772984103776,1.4864580644448468,-0.8853665951724041,0.697155984681403,1.3309328140304801,1.1896085057831676,1.221761757047649,-0.8206768395137738,-0.445843981636413,4
-0.7497196018540042,0.5301854583912813,1.4913933422706038,2.457554898168471,0.9600606399505512,0.17988773341947664,0.782349146328041,0.7054248511699817,0.4782355894172729,1.0218180644126118,0.0417511511785415,-0.43529645920065974,4
-1.0301471702436213,1.3557216436817399,2.146988029032477,1.0491456993915393,1.7029534435795932,0.8201383906068187,0.850630485128959,1.592245656158014,1.5306071197368778,1.1382106803750351,0.19044736424923495,-0.5430315726519075,4
-0.3839486628218724,0.6381369614183532,2.2539500965513706,0.6936058895251869,1.5324296392937171,-0.6471508561488785,0.626701082635331,0.9236245652880117,0.41642448889046085,0.8702466904544388,0.3854738736537835,-0.35722374391955974,4
-1.113744623307792,0.30545372673375115,1.7693155539190293,1.4210221138666106,1.981554605288281,-0.37365966993781485,0.6555645097155267,1.841165655821278,1.3730838814056563,0.2862563124101517,-0.6479021075735278,-0.31104662674509315,4
-0.07135220868036168,0.7248537135719959,1.8579334318501055,2.9179209423226378,0.5306864936360551,0.04123743786339424,0.2641752410625238,-0.3618406062587602,-0.5322704510135062,1.661232932162364,-0.5758543160960842,-1.1203685445230065,4
-0.39128112458098296,0.5353796837889342,2.5813255058991578,3.0030426797627556,1.329633647144219,0.34633592663971524,0.6617597936231289,0.8633740879041011,0.5092873222730776,0.8896389853967029,-0.33413723786024446,-1.0265622173667597,4
-0.9974090291058018,1.1647975128662356,1.179122699023775,2.0094906600275793,0.8925452261387063,1.049025968396411,0.754580483840747,0.8866100063614372,0.7997093180191591,0.8187346786915064,-0.15399051315771883,0.21299368495933793,4
-0.9318915794870216,0.8856574123417955,0.9257849434364666,3.290423470912635,1.1537866360999707,-0.44323158795643935,0.4986426134268192,1.120413171298758,1.31126897670939,1.9042215804329654,-0.9219761742699408,-0.5500799573037032,4
-0.08551332233252275,0.5644355978793256,1.6190994206050353,6.78574577298955,0.7311332405556519,-1.3068245615376013,0.3318406937028922,0.2302177894894696,0.17619667624843313,0.47351149467425163,-2.0376094616069604,-0.9832325617886546,4
-1.1108843223381917,1.0080636263276201,1.638970921506203,1.1417329950612733,1.249441948983058,-1.1293274791864045,1.1842740398541785,1.163647953331599,1.097045711298895,0.7753103563836349,-1.2824848798179933,-1.4112852430459826,4
-0.08551332233252275,0.5644355978793256,1.6190994206050353,6.78574577298955,0.7311332405556519,-1.3068245615376013,0.3318406937028922,0.2302177894894696,0.17619667624843313,0.47351149467425163,-2.0376094616069604,-0.9832325617886546,4
-0.4034925950848968,0.595134894481102,0.3640457840462348,0.4599823088679204,1.1226058470435603,-1.0850296845602214,0.6466366550657842,1.1038206203766854,1.4106635320237637,0.14830895738259908,-2.4274785170535296,-0.8075773477329479,4
-1.610805699104959,0.3050734105156803,0.159840224169537,-0.6610689996666637,1.433216497264819,-0.509227693825723,0.803301250242214,1.474188360467654,1.6418908242456791,0.8648508410833001,-1.2113775952232178,-0.6597212329238445,4
0.393035176244402,1.737976310855924,-0.6775934814303367,0.0930063032527765,-0.5471111428322464,0.1821606251135495,-0.7131668434621045,-0.8219096759918805,-1.022923495041472,0.05821991919150034,0.9629638043139385,0.7770380035390584,4
-0.6140356579679425,1.5287521720284947,-0.435490490748802,-0.2536363388868204,-0.11628922682964389,0.6286475655517809,0.21708429783997057,0.15711958938011486,0.12368065099457169,0.19458326146287785,1.0532478691341545,0.9679322006190328,4
-0.5314375308488128,0.8454314700688167,-0.3078371865429438,-0.09491350685189869,0.11424011515182529,0.2793214620328049,0.22484524180250215,0.2817462023306649,0.23084503001259032,-0.4629503414021997,1.0913007857173458,1.1733823122748126,4
0.1122104108517307,1.6469938928051735,-0.9896832087485268,-0.28746265834370066,-0.5874828016232664,0.6566627266876975,-0.6960637286899793,-0.31674398873832976,-0.22104353315004013,-0.5688349668326452,-0.14000541135313513,0.09041278515441611,4
-0.7228671844163359,1.1976739820207336,-0.3753289744522231,-0.30415125430519896,0.2834971179686422,0.862353481623631,0.30145092269661633,0.6108996750372561,0.5664804254365534,-1.289840642042591,1.235089675768146,0.8074647898784953,4
-0.34509905617920467,1.2361955442053223,-0.78872126199072,-0.3439513800871569,-0.08461410689675117,0.19371599207802667,-0.5431297751205337,-0.05937696841119953,-0.16623885154864565,0.5557755383440608,1.60073542409685,1.6629334362811508,4
-0.8552856381349215,2.510781315676909,-0.3474078192659851,-0.08569198300212516,0.4882468008972924,1.1112336212716518,-0.2370404403422612,0.5950582054766547,0.3783988744581404,-0.23375651556585847,1.3398193633064437,1.7877728295433415,4
-0.5853601153340242,0.997082347675483,-0.1872048981657489,-0.3553550961834398,0.27814653215434115,0.6864526164094618,0.545089779986251,0.6522408857503321,0.687931107354909,-0.4791773141604375,1.4287791453677015,1.578693585171958,4
-0.819882778606454,1.4648237716854797,-0.15445698217855744,-0.30193490337329715,0.2921397367908116,0.9180968408131173,0.41296313920671424,0.6056844199498596,0.6532294865751632,-0.007756746398035472,1.522984607861907,0.9091786784242657,4
-0.7054723985798588,1.2707887644427438,-0.33030238960722996,-0.34862773439503353,0.1603491028761955,0.06422792345470427,0.3494283747737259,0.24856110048651975,0.09797341504955293,-0.20944648245519193,1.1798331644945488,1.3116533680420004,4
-0.700270535323462,1.8958277513957231,-0.26284306753743947,-0.3227410384687488,0.20532359233321176,1.1348774581653018,0.3891195535473752,0.5327237417799302,0.5960805396020913,-0.1783736612216781,1.2043019391439072,1.5459125704505934,4
-0.6078110953665528,1.2136576744127145,-0.12560291020156644,-0.402945686820617,0.8006353614289916,0.4380467462908433,-0.005064802484123132,0.8025735227624927,0.17844685321730078,-0.40160543468520304,1.8149764948592033,1.5943105658123806,4
-0.7636398940885964,1.1981893992979125,-0.9691699323952406,-0.3017693672460203,0.6862005660129008,1.7498801668354964,-0.47012800617949924,1.083388033761459,1.3736263648328442,0.3306090921667591,2.365037509287329,1.3082571919029258,4
-0.22182186378375118,0.9824224741836326,-0.30624079962366113,-0.47342069743685694,0.012855809614922291,0.1170514032642482,-0.25323229905182365,-0.1019558765790933,-0.38089633266161776,0.1759749450157068,0.9092429541382409,1.4337867560648045,4
-0.8151877411386922,2.2499039876957028,-0.4171680872475489,-0.34658996650167045,0.10021393307486275,1.0974692989483945,0.5177405228023901,0.5379178396458765,0.7450779021782912,-0.5981044422937736,1.606703440580138,1.710736087548304,4
0.3148906619909503,0.5645060268085982,-0.30553816024439223,-0.46069387590291694,-0.8188280136190749,0.4552633905834439,0.1631183207866682,-0.6875031374261213,-0.6285997917061352,0.014801061494612988,0.36772383807757647,0.9230016926831857,4
-0.7485703845570132,1.1660003164931119,-0.18849766626045558,-0.3596601089726779,0.5385607312511728,0.8593996829672188,0.3326760117602416,0.7360869543562278,0.530401808224583,-0.7939826140720279,1.7468880849491095,1.057491147232692,4
-0.612039720408177,1.89448653961219,-0.18050918060304721,-0.2462726786856674,0.1873154927799224,1.6153767279558024,0.1464250317535866,0.4958572834035046,0.469772758940675,-0.07188313527639867,1.6690987441248155,1.9465324974690692,4
0.100563370257624,0.6378323409886136,0.3475171524555435,3.264420343689646,-0.6182603260058614,-0.2315149084618017,0.0563756296841836,-0.4919469395648308,-0.33442581630906265,-0.9868489714225802,-0.13103839076283014,0.3647766523271309,4
1.5531820258489688,-0.42088104570242696,-1.2810518234946107,-0.41523948302128144,-0.9281907994295705,-1.6775009885367436,-1.0734064621210504,-1.1265789541755924,-0.9759239647676436,0.18130181785991012,-1.102848200402382,-1.3633397780220242,5
1.7489904974023225,-0.6220597511050729,-1.6459957699152385,-0.7741449886212977,-1.0479214328230309,-0.8207528348960347,-2.007991757586656,-1.3734731498850297,-1.3076799195498543,0.10637627827749456,-0.3615451176388777,-1.132114039223174,5
3.351797724113119,-1.3604185178019006,-0.7617289101383315,-0.566794909026564,-2.2658400328479007,-0.6403876525913651,-1.1221223389531938,-1.7004950325305455,-1.5895915201771436,0.3499723604380846,-1.2562023083633422,-1.8462158405665448,5
3.57793280511377,-0.7281182469983994,-1.0875108881617965,-0.48243625074449337,-2.2485894992788262,-2.275422880105511,-1.5244752194758628,-2.0047305876745347,-1.940710123671604,0.19436774377382404,-0.3927635524133666,-0.5194118692465264,5
1.431027812224108,-2.5345011048360657,-0.337022026160076,-0.24085119160401122,-1.5595606281797134,0.3712987130980453,-1.2551470638942577,-1.737377358823058,-1.6249592603632088,0.09881195753248903,-0.3974767317790281,-0.17942625659769781,5
1.5591484254779857,-1.5996273751904566,-0.3553863259816453,-0.22530431047844826,-1.324068014411546,-0.33673814727854495,-1.0152765677463913,-1.3252822887275537,-1.3052729490324984,0.7774033120495921,0.7196852467466336,-0.091790420532505,5
2.0163366524214292,-1.2739842162759136,-0.49176571960786275,-0.46621728853816585,-1.4895647515577826,0.9400281444668012,-0.8968801369896705,-1.369797082658112,-1.3733145886227498,-0.8106659772306148,-0.156942797751772,0.1872104965256629,5
1.4711622018834885,-2.2248088123082077,-0.5644704457462333,-0.22362494729297877,-1.686430912476301,-0.038875090429139794,-1.4712645312024053,-1.6608199530066476,-1.4428105775004783,0.3896362721530085,0.08128819377300024,-1.240042247579875,5
0.9343959926869616,-0.2633707261504948,-0.18742496811010148,-0.45207451930562687,-1.1515968215016326,0.5657481395389068,-0.4535543619141588,-1.1742355954914592,-1.2543679877429836,-0.6836600145818899,0.5745490943572624,0.4075761381207692,5
1.7324498208389274,-1.370613319662981,-0.6933214210171929,-0.6366291071088611,-1.9601480667899298,-1.0422667221857729,-1.5185526537919782,-2.1843818443108733,-2.0300894676770267,-0.049056805624391395,-0.020733367204634184,-0.05746827904593637,5
3.267718929806067,-0.6018693081463844,-1.0159323198785035,-0.3855734767492006,-2.289636996192421,0.1692189503043935,-1.7385506429749558,-1.917430602666945,-1.9180907096484958,-0.1980946767830129,0.05197655720391356,-0.4136073224836583,5
-9.907750950863578e-05,-0.9598264846620029,-0.9089720805626782,-0.5583241881271945,-0.2558279301268571,0.19663256958149863,-0.4787629856054548,-0.35678403033223827,-0.5262224392087747,-1.022569066387481,0.21586945351754572,0.19816844122704116,5
0.21111623451537992,-0.1841280144563224,-1.4215365842260368,-0.7645728799528491,-0.3839273357882998,0.2563500072567883,-1.0841629159107915,-0.5806062760505755,-0.7704996382203692,-0.9847418483361001,0.318635907706391,0.4272186695821982,5
-0.34429410644408615,-0.7894260787470125,-1.1481787405331805,-0.754314979936759,0.13348308278276527,0.19288067736510203,-0.7295048903157376,-0.11099529944355718,-0.5758905061167948,-1.363491065482655,0.2304195826326182,1.0110221890946869,5
1.5363100501907703,-2.206810117628473,-1.394556100458567,-0.5587405332321479,-1.8332178739049465,-0.9277590269727425,-2.132904088296644,-1.6222450489981444,-1.439930020414389,-0.48508877722697186,-1.5251500600254984,-1.2811139258950128,5
0.0500444051937989,-0.5616122546594314,-1.042912255185053,-0.6684421835625353,-0.34393065824342156,0.1685178718785248,-0.5535223052505979,-0.4834681830687893,-0.587100461819542,-1.28700836532,0.15939181414200398,0.3349292462955902,5
0.699367408402669,-1.583278064791732,-1.0706918008086215,-0.4884823380589674,-0.9576168808139567,0.0759872863509424,-1.1513405092771927,-1.1119064211000969,-1.0291211381869882,-0.6002552726090703,-0.1332554132930102,-0.46056708581104827,5
-0.2525045028909604,-0.41148545908221856,-1.2337839683330003,-0.5813106878005737,-0.10544444707906178,0.06708098486170685,-0.8839680816380059,-0.1559755522460139,-0.3745311188228451,-1.1311576842017947,0.09161709239038016,-0.16761076021472654,5
-0.4053342682049795,-0.3114362044045935,-1.1975077118340478,-0.753323915638205,-0.21961066800884968,0.2319251865266829,-0.4748205957106082,-0.2062292424948541,-0.2920228238598092,-0.8447785034162958,1.0022232333105705,0.7978799220196545,5
0.5866601198538609,-1.5996108397027142,-1.228476588180403,-0.7650357342686869,-1.0027782227866306,0.29791979154302534,-1.2252355725975592,-1.1812809502342712,-1.1869658141330288,-0.25019574608171885,0.7022104592232932,0.10118451754103083,5
0.2846804671550277,-1.0968193260532337,-1.58007155949189,-0.7628773952991809,-1.072900033577722,0.7319126115191512,-2.316873834745891,-1.2657881820104757,-1.4406256779777438,0.7962774988452249,0.5578731851604741,-0.20216834365779532,5
-0.684041101969749,0.6609244558333208,-1.2625510330789633,-0.7266405929263499,0.33759491591237667,0.979143433853087,-0.30126323703010843,0.820821626263019,0.9958984933400324,-2.1381259934032695,0.6853532479020565,0.8123682533785508,5
0.06620085322121033,-2.170878012824312,-1.224084208428489,-0.637302930530307,-0.6128095066062893,-0.47526279142639444,-1.5389763848577855,-0.9690052581222085,-1.0486762785483759,-0.1617986002295233,0.1692024894456074,0.2501760686308122,5
-0.1922419967658868,-1.9314222254854727,-0.6557510252712326,-0.5956459787971009,-0.27073478965229825,0.6553172420430186,-0.4349392725625377,-0.1624443727043163,-0.29853453299210264,-1.0217857773075167,0.3498863618215909,0.34024566523701066,5
0.03130813699620998,-0.3645829767993204,-1.0967475794641202,-0.6099020332040718,-0.30077070331439065,0.45544361300461694,-0.5796660341283021,-0.14638604162385332,-0.23462772413797445,-0.7597980071802599,0.9002543901920484,0.4965530278634863,5
0.015574068925349002,-1.355425167959042,-0.936841451897005,-0.4407906751472041,-0.3360467967940243,0.3282485475047787,-0.9295148190383774,-0.4870331748830949,-0.7048887976504563,-0.25521410867434235,0.1939683934387142,0.25465892936651513,5
0.8611778371627311,-2.168011739130571,-1.5065549893109678,-0.753297532801824,-1.1473731009161123,0.09288466920590258,-2.6897856204982453,-1.2332219288937396,-1.166637357029664,0.7165578799526432,0.7405129407997838,-0.41897861096751926,5
0.015561703642793724,-0.6571285809639975,-1.374691120148343,-0.7708496113353149,-0.2458958743465869,1.1327369417006385,-1.1732749176898185,-0.385240493182334,-0.6049736902705731,-1.5338009913560522,0.32762869584001214,0.8054702724516265,5
-0.02930828764297395,-1.2526344518988555,-1.2504707547241292,-0.6722936647972106,-0.27839618858676,0.14360509384019376,-0.8906668913988378,-0.3439680434389701,-0.48662336318715693,-1.6674068662942718,-0.04048718832961098,0.023322916170174825,5
-0.4345600659126043,-0.9129473970321326,-1.4398012012753045,-0.7923479814111641,0.030983023839051615,0.7976017029107935,-0.8824104045534016,0.07023745949616084,0.04586844334973529,-2.2728991652702133,-0.0964750754146468,0.3029808338645694,5
0.6352172272830119,-1.7603027095813386,-1.5424713335658644,-0.7915472671439009,-0.9116827566057901,0.9779184376825227,-1.7412314241971152,-0.7737293934451291,-0.7188415759814805,-2.036662317946154,-0.0006656889536906849,-0.9388788512773644,5
0.12273266312169985,-0.8293149420402387,-1.3292352427528504,-0.7935011769785074,-0.4797089870194135,0.6482294940455114,-0.927917726037795,-0.5330183957044208,-0.6283116382528089,-1.2707943115492857,0.3005416853384775,0.49757059977860824,5
0.2696421724220901,-1.2002834651623577,-1.3760393132660718,-0.6832394040305577,-0.6328854796305942,0.03757343559523154,-1.605926263995675,-0.8390100002287503,-0.9505548683497524,-0.3542286097211176,0.27634731390450007,0.0413630466909566,5
1.1589523890160205,-1.2846667537828413,-0.9305200436775223,-0.32698307376227537,-1.414012085775126,0.8155246485974981,-1.1704498442790405,-1.3524428717638435,-1.4432761883737526,-0.10087084399750204,0.4398825060266536,-0.42207519366937624,5
0.8161127156863973,-0.8226568972795715,-0.01268318593368929,-0.4011710041125735,-0.8798744385483377,1.3493664531787086,-0.018410532698676506,-0.634319172006472,-0.6186855807414166,-0.9220327206843029,1.6606295017811317,0.35996643837176295,5
2.623315348704497,-1.399328235250601,-0.5997127315298297,-0.5004684308398067,-2.1630284972569642,0.8134372022928335,-1.1712645064006748,-1.88283325629102,-1.8977379474709426,-0.4000901702607632,-0.7009520216115195,-1.8165773020441203,5
1.4744236205554893,-0.6909110723616737,-0.766317181849019,-0.5186504852638568,-1.5789090690035603,0.329913593757687,-0.5229572082585662,-1.2166981389413791,-1.0071524647591266,-0.9338878839170787,-0.8641238153375402,-0.8321791490339392,5
0.7786926563440146,-1.1504965813917498,-0.36920167569352236,-0.2696979399292567,-1.2771023982421237,-0.3480215596900864,-0.5382510825937303,-1.3367177669212165,-1.2934803721029864,0.04975634032432527,0.09070745586944243,-0.2710217522371997,5
0.6942873884182801,-1.140972752877719,-0.5039282061606707,-0.5254126388156283,-0.8890984763723974,0.5439743654099255,-0.349989691297932,-0.86169583092839,-0.9054821903323019,-0.4536320085137991,0.2655546839911762,0.25211017220607396,5
1.6368695042019856,-1.6066204166842712,-0.7403011513752313,-0.40033671744517063,-1.5136264829699788,1.678585449742788,-0.9259777644617669,-1.174616425477557,-1.24528648868165,1.4663497276783313,-0.9604632443886991,-0.7092823096389123,5
1.2728930391016469,-1.7407967133300826,0.10949501572307631,-0.4822789446308607,-1.4577819006336636,1.3386065983071567,-0.3519473151958033,-1.1395853560619094,-1.237067603844906,0.14934990178381896,-1.0290572979824057,-1.8581460467943394,5
1.7810385954551102,-0.8653385432099068,-0.8017510176091017,-0.38174767646011043,-1.281373669682181,1.5185008729930118,-0.7165631981867425,-0.9333500506737892,-0.8173740778206091,-0.15693852541860842,-0.3037866201511472,0.07912466728302105,5
1.3932864063314194,-1.1466872949563263,-0.4773775176995443,0.24404857827355247,-1.3183273575426682,0.7815766758193458,-0.6213189779656786,-1.1432667125941895,-1.1985145189257873,-0.16781655438947254,-0.24010048941194875,-2.550189775882295,5
0.6037204398768327,-1.52718283120493,-0.29151172925324886,-0.4440451913788233,-0.8542736938596157,0.5723133505764241,-0.28607513705174675,-0.7052011531689504,-0.6164518546459463,-0.23659905503554696,0.42653077888515806,0.7474451577714886,5
2.049499887846116,-1.2529597723095465,-0.6758309413221921,-0.47014625301166474,-1.8924920791337858,-0.8591280236799818,-1.022209877260511,-1.7542396643186169,-1.6733698067578557,0.5973607570538941,0.03799449681427862,-0.5149348682720633,5
2.2442426831577915,-1.2267331414143912,-0.46504628800352776,-0.49666465065411225,-2.0068257519306134,0.6634041378605054,-0.8659053140457244,-1.7848330065351508,-1.7675060273711833,-0.8130500737505344,-0.6737857315603195,-1.493711053550829,5
1.3044070172665003,-1.5725851160517812,-0.31013791916435923,0.12154267822066021,-1.513738857217055,0.7832513875651949,-0.595739844664188,-1.1924889882973477,-1.2675092144216256,0.26539533504883345,-1.008855729886716,-1.9853001891335313,5
-0.10076740632566158,-0.24910304993087065,-1.1720893514133548,-0.6867198878107102,-0.18566030919784735,0.4776868539335891,-0.5712660533912794,-0.19748602073068852,-0.30799363482987885,-1.4370486412460344,0.354460734388339,0.7910430240850983,5
0.08121683012709686,-1.1783661048579122,-1.099634799629862,-0.7300424704424057,-0.5602660815633361,0.34281492563978483,-0.6012321282475723,-0.5637492598603794,-0.6344260234050537,-1.6018466267605047,0.38682476879354355,-0.20491631358208,5
-0.24174595308728417,-2.0686709382388777,0.8151355426789679,1.4205043661855201,0.42634580121446414,-0.47435615618170657,-0.20941786621190905,-0.00665317255808538,-0.21337117652534007,-1.4731684400258442,-1.3490195660047413,-1.4229403368292755,5
-1.4295694717691136,0.3855221104491829,0.9076429226379571,-0.6227962708316159,0.9828858904374989,-0.277757808499711,0.8944156104890689,0.7777361821866275,0.3962323283065786,0.577946126751799,-0.24562559984331764,0.3197384127286869,5
1.1110317920462052,-1.2844852308729606,-0.9304955762264575,-0.3269961481986665,-1.297959384172628,0.7708450970172048,-1.1614751894657696,-1.3295137330175302,-1.4094356230480312,-0.10631100549584492,0.3976789873595806,-0.4377513932671889,5
-0.8984727446241507,-0.15201707714174023,0.8756079296722938,0.4160047217456435,0.6645965141739483,0.02322990410492647,0.5288511211131602,0.4259952925376164,0.12164240991330698,0.39329123483059913,-0.10093547940456328,-0.04391378141544054,5
0.41040131081642184,-0.82245357202289,-0.012330647442009181,-0.40071521549741274,-0.7236800028299466,0.9405482200279677,0.03468320505952474,-0.5883075046583339,-0.5555556987748094,-0.5042716626257784,1.1802391089064652,-0.04503401864167961,5
2.5156411825440457,-1.3993365642370188,-0.5997247672000298,-0.5004811749746471,-1.9707394053988032,0.7346594125379206,-1.1560371900805928,-1.8676582392060896,-1.8591424066022897,-0.3967503101405353,-0.7780491532902158,-1.8434974084273021,5
-1.6301740141964736,-0.07349739495973219,1.0272450338211625,-0.247767128052872,1.5072670179276864,-0.9007661868262175,1.0637959497981666,1.4533028994585961,1.081283454005698,0.49321672975269604,-0.7034037062017495,-0.3412447103314131,5
0.5762981638687237,-1.7722174471377963,-0.8033074278212896,-0.21128455104850322,-0.8912131730597245,-0.36387344838624375,-1.0329011700549766,-1.262752120732417,-1.1509326187772826,1.1711673193920007,-1.4249529509435273,-0.9454236425039081,5
1.004362832879815,-0.6908002233512537,-0.7662726803393304,-0.5186612200642622,-1.2576582816664903,-0.1506343036681064,-0.4598931397133474,-1.1756161041910638,-0.9173843589284458,-0.42644907027585477,-1.4312361424992601,-1.3166706320864945,5
0.21956488921929154,-0.7654316162119589,0.7839965215670515,0.5080093104292702,-0.20848889498923787,-0.014847335353144116,-0.3518769652698168,-1.0537873363850585,-1.1328800143635795,0.8376876532002999,-0.1589104242561502,-0.1575855977348383,5
0.3072719891795248,-1.1502075165689973,-0.36898411952838867,-0.26973198851413227,-0.6749811646730812,-0.9355297230925889,-0.45778653363179145,-1.1704643207680168,-1.0821218127510506,0.6525735878632142,-0.5789227067058078,-0.839309436514939,5
-1.2538524732221732,-0.10289198033610308,1.5371441240560468,-0.4402077204349334,0.7868974871038439,-0.4107795453217869,1.2048007811733132,0.5695263631524181,0.3529177556092471,0.4380785272255072,-0.6899060418329606,-0.373340668300338,5
-0.07902893800134472,-1.140430021424492,-0.5036073565221753,-0.5254428338824095,-0.2881837896353169,-0.35218936827353353,-0.23550890748547001,-0.6786065258064446,-0.666186417324926,0.707278304026812,-0.8416609721241654,-0.7838959304310517,5
-1.3959473637247253,0.04904869700388163,0.4814630402125069,-0.42107899424077494,0.8467772323270087,-0.810401812365651,0.9371445489603714,0.6231877989604971,0.38998628031617877,0.619574328261242,-0.7203315205916725,-0.6190912353070458,5
-0.18657734019044245,0.012503064361937922,1.2365165444002564,-0.26580651973204744,-0.3289022713285845,-0.3320411979821671,0.7480005205506239,-0.7833876650370019,-0.8766843078584677,-0.4560302314032535,-0.8074731954867854,-0.45431979647888504,5
1.5334388918999018,-1.6064930321861093,-0.7402942956137251,-0.400342497722312,-1.37562990460588,1.575799115829526,-0.9104106729672403,-1.1550724421632255,-1.208075572044721,1.5137469453245913,-1.0654511058142757,-0.7770723292793414,5
0.333421998249606,-1.4828351430207478,0.6404057961727555,-0.41370209445245537,-0.7382296870973749,-0.5681252455563233,0.2603035503486152,-1.0195036923181044,-0.8702052099157659,-0.15402450893383887,-0.6544276914523054,-1.0059108797341842,5
1.096337614079012,-1.7405638691656533,0.10956128808430377,-0.4823628687499274,-1.2840631655327688,1.1623706826824054,-0.3268930621931609,-1.1068868703111117,-1.185417315115463,0.21973761681419057,-1.2076341321514579,-1.9634060946012917,5
1.2407632095470924,-1.1466560612572578,-0.4773531416586329,0.2440759382520216,-1.1388172251602595,0.6139048071791312,-0.5974652639127399,-1.1051678460683083,-1.1450563941221126,-0.07073726937837893,-0.4197833138510333,-2.668920200766872,5
-0.29183379201909276,-1.5258084259608178,-0.290861574537067,-0.4441555120968355,-0.02822255942372703,-0.536295996858129,-0.1461739812601264,-0.4185049346069164,-0.2669203370846547,1.278785467693106,-0.9635681235294336,-0.5831015759245852,5
1.4877567126648377,-1.2527468932155024,-0.6757192685847672,-0.46986197347682684,-1.3256184390963088,-1.3880571163459952,-0.9316689237933651,-1.6619994681024788,-1.5161794264691628,1.0566426320657585,-0.48592876651133315,-0.9430519113114909,5
2.0338700199002018,-1.2440047645738472,-0.4650359281861404,-0.49665534716042753,-1.788363638720081,0.45864679338573017,-0.8366558105632008,-1.7641200867357132,-1.7198111467249833,-0.665916811493603,-0.8993958648525432,-1.6567699891056193,5
1.2104637434029664,-1.5725949148593317,-0.3101321298546429,0.12152786970112671,-1.3077356085917986,0.6929865496716856,-0.5816754475461547,-1.156738573352404,-1.210063090297292,0.28935964639432543,-1.0981129369848424,-2.031847245557554,5
-1.3686594470673077,-0.5704188104607346,0.03512843776055044,0.05728642005464543,1.2903842208894543,-0.6827965337399384,0.6034661485696847,1.1699792518504777,1.06942555786182,0.3323281023056407,-1.482948391552519,-1.071500850583282,5
-0.5883244656324429,-1.027823227415068,-0.27673238329845673,0.5162672620795791,0.5891867882123616,-0.522451288851344,-0.04666276361338852,0.35769533803039055,0.29712474660354155,0.23744574545504318,-1.0900484731773443,-0.9836246027575618,5
-1.3611291407873134,-1.0434564899520085,0.244711047561775,0.2989241622925017,1.1628727342370109,-0.9176073777470609,0.6618244556827589,1.0315105267663398,0.9777842389480325,0.11159023675598177,-1.5409726157746515,-1.262106170037376,5
0.1199782210344625,-0.9260185163646941,-0.17867587380113206,-0.010294158070752813,-0.33168030046758323,-0.9095569226389847,-0.09787052463238259,-0.7577715591665531,-0.6548432790231338,0.07149468597194449,-0.8356864165987373,-1.0649999951391365,5
-1.2761787448562485,-0.8744906294624742,0.22684417132505233,0.002152898049545406,0.8521815622811222,-0.467174574858319,0.6733885864951002,0.7881601656497583,0.8039813238024484,0.21749768170644476,-1.474021661261911,-0.785810800988998,5
-0.6937746904865013,-1.3807114807845913,-0.1775880168003364,0.3538628063825501,0.676163093000082,-0.16463450003959434,0.03047548118851161,0.3702944634037972,0.4207267314874867,-0.26320552873209774,-2.0114048416174475,-0.91611816783959,5
-1.216978974448344,-0.4951012561012758,-0.92938640542489,-0.7334670534375753,0.9226126022571999,0.33603347171050707,-0.18990319589182514,0.6281904142671753,0.6030639229956923,0.823709423401582,-0.7725696725314539,-0.7116561342859975,5
-1.5407804103326128,-0.09964918746221717,-0.8396493625154727,-0.7387667968725828,1.114130084203053,-0.041676582529084245,0.2720392651293727,1.034943285946584,1.1556287948019153,0.9156151368624731,-0.9081192850021987,-0.38692549712563584,5
-1.163393947097277,0.7693041667503686,-1.3345925633192646,-0.7736498583389076,2.0134363695326196,-0.8994252047403616,-0.8366401439839387,1.7178402119898963,1.1514295492426316,1.0920617146213705,-0.3810838431399754,-0.201711320517711,5
-1.4611507050073775,0.2782718345874744,-1.2646346208809356,-0.7392615775858314,2.063848816557108,-1.1877765760581902,-0.1379382501375344,2.2001931252151077,2.378934265725557,0.8165454222363115,-0.7086292119155367,-0.985822903179675,5
-1.5628871228032686,0.61701685659327,-0.861134100274203,-0.6878983652092646,1.7188600240144918,-0.756208894298487,0.18508386278356015,1.6898439187063354,1.6635889229759202,0.34388663592582963,-0.632654396146448,-1.048293357005274,5
-1.380870465182835,0.17362485692185875,-1.2060521845145922,-0.7122883079150271,1.0645009502856255,-0.015635163079010906,-0.3343762985755223,0.9950725021242747,0.939945188045349,1.0201441258442197,-0.8016007301231388,-0.6861818785827397,5
-1.321225167612621,-0.6539680980735396,-0.9056761351309557,-0.6212300084022124,0.6145458223556428,-0.07395932895197539,0.1259828400689028,0.6556948021520259,0.9197247908097915,0.44930690223464986,-1.3179693932881074,-1.361122962475041,5
-1.6222818876852236,-0.5064552568956316,-1.1950816711273227,-0.7261492280816405,1.8581997699455306,-0.729491670786074,-0.12097463777183294,2.3404813713439356,2.7012289134647944,1.1700750250338317,-0.9862434011286075,-0.9215805273370026,5
0.015075989312179619,-0.44670543554761616,-1.2955702391664725,-0.5126692196287538,0.9282739521500868,-0.44760435301752943,-1.9597289143204386,-0.15291833374650535,-0.4967814083412535,1.580037578532399,-0.3412852388599195,-0.8878977297737961,5
-0.6821448406510687,-1.0760452416197928,-0.5988294047473056,-0.42635641479596514,1.4522582553257743,-1.0666940643488194,-0.4790689329431483,0.8594758698519596,0.31526313028148273,1.167569960910179,-1.1305687883280016,-1.1034736579746351,5
-0.259162001177911,-1.204112349212883,-1.3070657667698953,-0.6161855165007413,0.461256670674767,0.09233889904238408,-1.7752590347803505,-0.4241221769018607,-0.5793552071686084,1.0784290194436155,-0.8475120799961716,-0.20581358354744325,5
-0.560651868050655,-1.3320093250098708,-1.0584072664659756,-0.7253461494057751,0.620850506703322,-0.4777109827439932,-0.729452901221498,-0.17811129518795604,-0.4572565438041752,-0.7231644069854537,-1.2250859046120108,-1.210940484217148,5
-0.3834713930744668,-1.8107468483684255,-1.3697734519498155,-0.6645884727923911,1.1211259645165241,-0.6372458270784861,-1.5449816740716604,0.9481404956430666,1.0573134346139228,0.17674606368499532,-1.3464446534188355,-0.46578819998972787,5
-0.4310293253547058,-1.3274618209105786,-1.1775374727321635,-0.4760237489095157,1.049378621338708,-0.4619882274348922,-1.4920589714526653,0.2881515511246177,0.01795133111243959,0.3927922238452437,-1.1513834634354956,-0.47027303947025395,5
-0.6767336723680061,-1.338505811931042,-1.3032436644951018,-0.7983929897405717,1.0122397622012396,-1.400262412668107,-0.7068961204849339,0.2813230579016668,-0.06926755986727812,0.34385552169139316,-0.8342483680239443,-1.2677579910059065,5
1.0523615422443084,-1.732802601159846,-1.387279060025207,-0.7272746370310114,-1.3367963427695624,0.00036152790890825606,-2.214055172706506,-1.5633909482299257,-1.5720582124344435,-0.3125290157133343,0.00223531400497569,-0.5168492321948616,5
-0.16886919999848038,-0.8262236632281095,-0.9548589111264574,-0.6482223612451221,-0.05160117521369778,0.2984166939347802,-0.7510652965686517,-0.18465416592133319,-0.48592737463048785,-1.0835852633518452,0.7380259082091487,0.9452174527386182,5
0.24248559919278928,-0.9798025787055149,-1.3169551875077221,-0.7127750705581268,-0.30215007415918055,0.4570250317316445,-1.3245345430207902,-0.3583708219409796,-0.4590932082963926,-0.7049298597875846,0.6431820020269402,1.1787013121877417,5
0.330551593939381,-1.8952700149666988,-1.6705172596156763,-0.7892932700927312,-0.9299451292245585,0.23080116774199957,-2.684735693257977,-1.4153697376611651,-1.4336538401927257,-0.3485834951263216,-0.059394777986957775,-0.5142876179726465,5
-0.17206487155835887,-0.624573757667358,-1.0770046926488108,-0.7145787730099328,-0.02322148931755924,0.5348184420595182,-0.7829843053277504,-0.13715091446097807,-0.4426322802908921,-0.41199580206161984,0.9056394688101495,1.350004692827995,5
0.009101899080597492,-1.0151207882166107,-1.3950918858377979,-0.7235057807293024,-0.43383667159198036,0.1607887794022073,-1.7014508860493933,-0.759564633684431,-0.9918538398252552,-0.8062353682011925,0.45447192008481485,0.49243609153277046,5
-1.7595378661336003,1.3336713870498849,-0.22506660283562516,-0.755538367336189,0.9115845902591699,0.6014948545499647,0.9139491705126839,1.1656684679800633,1.4979118798491693,1.56124583661004,-0.38240964660640775,-0.1225796899815841,6
-1.4001103924503555,1.2011644397554688,-0.5117763772325831,-0.7797628647476009,0.7186274698845584,0.6327657859540525,0.641947358509934,0.9300880964409521,1.0066802935980648,-0.0860441204532882,0.6020306439646557,1.1334203656759587,6
0.12462063065329988,0.6607211305766393,0.028973639780696708,-0.6634236918981488,-0.44927435324586157,1.0803547726899094,0.8212001374324427,-0.07968261169772684,-0.004890036884227519,-0.16843087035692664,0.46333916536804937,1.0242061739264026,6
-0.7475749793113188,1.3331055059138186,0.29392932116685394,-0.6036919869522266,-0.07033363894097436,1.003563031614957,1.012183023099056,0.42044236754538844,0.7682826627110413,-0.9084005326069927,1.877230879511253,1.7454197562291414,6
-1.7891389200075503,3.1346615936369924,-1.0266807065929686,-0.8102314404806561,1.1065720087376942,0.12602614364760042,0.37292065984521433,1.480091225252172,1.677555044946919,0.9310420379307863,-0.43076028730375393,1.0156764454568634,6
-0.4581101989273881,0.5363359249208103,-0.13849920699595866,-0.49395488425537226,-0.07235936644084971,1.6665986776089075,0.6478618414363654,0.24085458257339848,0.36629540553607487,-1.2718661045608994,0.7327705121451147,0.30872101009107533,6
-1.3564151030073328,0.6751649403619912,-1.2247498876357263,-0.8115849832062318,0.6272496157092431,0.48198817839468033,0.0374789410543591,1.0514459186774947,1.4455478993011877,-0.28697429248700634,-0.31896539283938746,1.1585649548443473,6
-1.4524703369720715,2.4822324898772785,-0.9349935042355175,-0.7965307551014271,0.5320632786690473,0.6752703614861535,0.36351482484728115,0.783859960390069,1.0299780751012062,-0.4032986672181391,-0.47781486281416746,1.0363956244034986,6
-1.3400422625352049,1.0758084172415319,-1.1039394865745973,-0.7838862997642385,0.9809674052829847,-0.2539255845448878,-0.05454075787830567,1.0267871770776529,1.0668763727721366,1.3005982605155548,-0.2034652101298936,0.0054064333029589864,6
-0.41516421544798526,1.8150066967752854,2.7701976219410986,-0.5512031619403325,0.27986884873184037,1.1775561926726936,1.478532221445719,0.3425943712205352,0.06763721067981183,-0.15357011071380863,1.402816867010984,0.9642416025449111,6
-0.7735505172604684,1.997857345079392,-0.19427981551487758,-0.7978411219092698,0.2207704679903716,2.238773406955242,0.8560039721351993,0.692455474421202,1.1827316904066256,-1.2018174223993587,0.7708618688339093,1.0604854565487352,6
-0.764019749536847,1.6190914208486202,1.5199035597204897,-0.7690078251146861,-0.005250004336474132,1.8255195530222363,1.5297100084068864,0.37122009184223004,0.6950215767473789,-2.1844708689621206,0.16240171665258735,1.855815841746529,6
-0.6375557825531104,2.7705636269143015,-0.25246527281995446,-0.812683062454776,-0.11318686437776428,1.7751572318997022,0.8018929544898101,0.43796054690589387,0.8392346031395216,-0.43236518176313327,0.777888635654375,2.6409558822878885,6
-0.8782782778618193,3.153260097823938,-0.6786724259411742,-0.7973408499327369,0.11547418559089297,1.7447604572826567,0.5949297588272389,0.7385570599605024,1.1809093456265132,-0.8039234731255609,0.6937464548720208,2.5005777022628295,6
-0.393464049340364,2.129228733063749,-0.8117675898703322,-0.7755389437416303,-0.268693962927897,2.2679229727781953,0.2656751413994033,0.3974338892186379,0.9432797585381969,-0.40300237567251557,0.9368152392916066,2.11168427590605,6
-0.8346336559180471,1.3014725054375331,-0.3036318776699987,-0.7888398871738663,0.4106126320127182,2.405331822815479,0.67557003292345,0.7908630006899809,1.0959962992814147,-1.740683242787172,0.9037662106529328,0.979018237980464,6
-0.6879679839578002,1.5074017952259646,2.1146291394232044,-0.33672551068300227,-0.1941353803782632,0.9013631709969774,1.708191991629695,0.3536648873441873,0.7559994488045371,-1.0863289182347913,0.6230856837852288,1.987355723819473,6
-0.7446946224565988,2.4783889076154266,-0.2603538167096261,-0.7297750610592818,0.18040925687334955,2.015241772971427,0.68844337086904,0.47910076401519547,0.6350575654171212,-0.8542180574586516,0.937579056862499,1.6158156983791312,6
1.1805571011741613,2.164833190240426,-0.18992412170453513,-0.8020951196239661,-1.252170048674443,2.4083001497283614,0.6801260138748777,-0.4363246043730824,0.12475743756302754,0.08355911265495447,0.6462781624448214,0.43177159891478084,6
-0.4204220240681378,2.161241437332633,-0.45667403205202184,-0.5742562283862767,0.15481559598764083,1.9091308696911715,0.550562605079469,0.5157556501771215,0.6942675822335802,-0.8868084371424272,0.6592166795720228,1.539234067693431,6
-0.710765041105746,1.4353774975992784,-0.2065827080633346,-0.6014871773070171,0.19557729233987076,1.9209786028085845,0.6936739128129037,0.4988774767654758,0.6364910053969068,-0.7441773816682005,0.7615080816426147,1.3444818917574297,6
-0.9157001467577464,1.7977576108731974,-0.3414262435268574,-0.6163667694768169,0.1548878106046816,1.5690988280273057,0.6808356600218908,0.7381603620583165,1.179539857827446,-0.636679693870383,1.6827628076848031,1.991043071781325,6
-0.11578278004703305,-0.10805938149808518,1.03478119156941,-0.11920195614859752,-0.031332905780630645,1.8022941539285777,0.9846453378793939,0.13171505572416511,0.022923517160478593,-1.3202711360459836,-0.45622478741385086,1.1226603910484383,6
-0.5190995423929018,1.8191410586512107,0.9809537133285112,-0.48847988832246464,-0.010837111273955194,2.0466510229825703,1.0051824869960897,0.30733057236893885,0.5210515730380022,0.5208121579810513,1.3940943423890637,1.7919532386548596,6
-0.42302129693892015,1.2237417497484695,1.5312934171865618,-0.6133867228239728,-0.02865640938059413,1.5111070710637462,1.2753837599995321,0.239532256232781,0.2912579854397091,-1.0042759611620538,1.6543047949113476,1.7269212642867522,6
-0.12008046971561208,1.062740237551236,-0.46338094735851715,-0.703022966812009,-0.3230459627564177,2.3234815469535675,0.2433079562080505,0.007125467911152465,0.2545914956110598,-0.9212181604102404,0.677794655884293,1.2931310738068105,6
-0.506344451844945,1.296161919200213,0.11171140724293858,-0.6996670012115331,-0.22025516643473286,2.34774169409897,0.8280794621097417,0.3896797675572548,0.9340209220878344,-0.2834043053553854,1.7985124709038478,1.7438223260484367,6
-0.5364148586695424,1.1774079657588088,0.5208995133003825,-0.584721764214823,-0.04557712124064838,1.1217570017537966,1.0777974111739026,0.1862742405380567,0.2735195130035506,-0.6021024463484733,1.2690619428112788,1.77569914041798,6
-0.7085337107890453,1.2525041895527105,0.20157322501177055,-0.7697751679152532,0.00943762292953388,0.6998587151527259,1.1618779962251018,0.49134550592931675,0.8201751458940266,-0.7366863007160129,0.4441565388672072,1.4011456873541244,6
-0.7636055125712475,0.7617958304644691,-0.6375453220658425,-0.7215253641952333,0.4475241340001899,1.0123934499794884,0.4078895624168596,0.8608881143837395,1.051486146743501,-1.4377395052330182,1.6352767736704028,1.516143549479682,6
0.4195302068569991,1.024201772423622,1.5136567421861955,-0.33117005879731276,-0.7110454658774211,1.5414019677831472,0.6696064547295217,-0.6807698516996954,-0.9453429112484892,0.5770067111039269,1.3406975718729104,0.890068974192042,6
-0.6691608415797121,0.8274355925462531,1.3645280849973578,-0.41007018117376387,0.31537870116702643,0.8800622856126926,1.3174709574651458,0.5537275733743037,0.5092777021385957,-0.876830511461141,1.3744104738079093,1.2355763650819864,6
-0.2976080773801186,0.707382072253407,0.08580470331263802,-0.5616919427405258,-0.20611294328892707,1.1908162284077255,0.8244395569392103,0.12066569682196215,0.41993925296819024,-1.4875290416706959,0.7387876136863265,0.7246417009444102,6
0.37923265578634185,1.244731897888408,1.9175179215532365,-0.4940115860216161,-0.5945833490998433,2.344595546129621,1.0860343497207565,-0.2214465740226841,-0.24022182815218956,0.8241305051223868,0.6076192439330809,0.5240239326848958,6
-0.17310928554588773,0.34473359413768667,-0.6149712799788871,-0.6703066945298685,-0.01508990565377329,0.7305275643909431,0.39721692981552764,0.45621393971178215,0.7050252736969765,-0.6111876941395527,0.665008209504532,0.9951225442783116,6
-0.6564074097891714,1.502689426189628,2.1308655632234714,0.23430465499584638,0.183597943080367,1.1544358532849155,1.5766883717904356,0.6621424653888787,0.8866219955534033,-0.5126386992273133,1.753979566320986,1.8089648042337239,6
-0.8164309044238769,1.71791276245502,-0.2843891415091131,-0.6113947292205435,0.14216691825943456,1.2097152087791163,0.7308361364812567,0.4817083915588937,0.6752081787705723,-1.0414291582055113,1.0279852006994101,1.4533727929276579,6
-0.26131582228444844,0.2091730934402124,-0.28737618156238676,-0.7490010610601905,-0.17733508167766474,0.21298034008941044,0.6528673634042022,0.157188350349827,0.1259303339251165,-0.5276079421441654,1.5062340150313762,1.871159717364734,6
0.6063102125915055,1.1264948315453154,0.22851911003617179,1.081439089350531,-0.2355411950685085,2.360544209823423,0.22351777362463573,0.3275833226018411,0.6822356817796695,-0.6381477496581731,0.6246017446534584,1.2523892914462311,6
0.0965752650413115,0.006960981296226542,0.3569037564094723,0.09051324219657905,-0.3417691097556576,1.605883953171284,0.4456424261021103,-0.07832326021957196,-0.1445719793252313,0.8911690028219414,1.3586904982262789,0.38535712795306687,6
-0.7043774678892079,1.5969229661006825,-0.399880294332726,-0.6829588541507324,-0.09103094757365955,0.8833034675902757,0.7026503139009334,0.3240765131465228,0.7101478538072274,-1.4664189331051238,1.4476418319126796,1.4084929485066078,6
0.058875931268535686,0.9581063657907197,-0.5069729260207508,-0.7399626729053329,-0.5963271169038785,1.2169597058577968,0.4401287880731073,-0.24541770592540366,0.09325279947071406,-1.4574387879181456,0.6919610598133248,1.2398109745951835,6
-0.3754965398070003,0.7090149210466749,-0.5667137270862259,-0.733301352159523,-0.389691309656094,0.9201948531224876,0.5083633267104968,-0.01517424349702681,0.3658865607683007,-1.0037926461428481,1.195112641811094,1.6465215164161013,6
-0.052095844634810255,0.7283909606127865,-0.6151909690476005,-0.5330207772147314,-0.22055516214790352,1.2168928878848568,0.33576482255312107,0.2536917266881164,0.6717917860849226,-1.051818438938118,0.45043520209401633,1.0594726642104806,6
-0.7291784547917409,1.113927493405966,-0.540225883105574,-0.6777282538403873,-0.0002321827464061044,1.061792223513806,0.581741093553824,0.43617805099874035,0.7791152860030968,-0.8729097798551775,1.247315994894836,1.5803783860178033,6
0.38386013658843615,0.631442293614464,-0.652144590018402,-0.565129446031363,-0.408814759225767,1.3763507084464102,0.09029626846506826,-0.07819631689087277,0.262541705457247,-1.4466977968055874,0.5336798275314795,1.125639788084654,6
-0.8203243096713523,1.2685748463617057,1.2421886967700662,-0.6839168112238311,0.14999998369395998,1.4863577659277651,1.4459008456439593,0.5603815195202922,0.8284093272926264,-0.7263523180795335,1.0187768100394181,1.1691735124767004,6
-0.8402788597928869,0.6411558515397,1.3200901053652456,-0.5011570269981181,0.08263822524971284,1.6389168859282783,1.423133015827946,0.529068831774462,0.9862551113351351,-0.5971375707789597,0.9485289955156747,0.7601111320622885,6
-0.8677447158821963,1.2029330020333169,1.4255856493228114,-0.5572971154545627,0.17991144817963836,1.2354726068186075,1.537957494453282,0.5792326038321404,0.9593871438356608,-0.8346373396870539,1.064733181302068,0.8833326385547812,6
-0.8765991629684993,1.783651737463258,1.320386274262318,-0.6593684146065465,0.10383934593181464,1.58867505327986,1.542210372000194,0.5647240392228816,1.08648498801748,-0.6212306373421586,1.2999588324386802,0.9589720234567938,6
-1.068634639983163,1.512769459517269,1.7995561655731074,-0.48496746162982385,0.3151047967218485,1.4387574344557648,1.606778442133297,0.6704413855025959,1.0959495153124148,-0.20871758593484566,1.096642439688678,0.6526191174496833,6
-1.1697566992710278,1.6890251428843164,1.452544941169714,-0.49391893643657886,0.41004380344741675,1.4322912797123635,1.538045646403092,1.0102263619877552,1.674464657192401,-0.2078122909026185,1.4784173183933744,1.0820238549704848,6
-0.517503666962636,1.8991323992422735,1.6604452994475458,-0.07969428486486306,-0.06452233783796459,1.5628822951450754,1.4823959381701444,0.34951278263464736,0.718858827618844,-0.11575061990730137,0.7408283186332246,0.6376491003340652,6
-1.0281087081755564,1.3968357253741157,1.4707395228064384,-0.2947973896340176,0.2503814366487089,1.2432768620102177,1.4913393426482082,0.6008182590163857,0.9839178179443492,-0.39127833412618923,0.9634676653904566,0.6992750526347506,6
-1.0736174718625908,1.6112850783280785,1.1607931350605043,-0.6344484012193311,0.3207568534988622,1.4800924853420065,1.45380179963004,0.7980405880668546,1.2733414576664286,-0.5054100427553267,1.276321546842825,1.0424575617447345,6
-1.0109378545902312,1.4750807959745085,1.5485387043800456,-0.52974484643256,0.2255847676540119,1.5790517643235795,1.5465165757888755,0.7154639527479519,1.266004255435111,-0.44641934985346493,1.198656735063935,0.8773962129020898,6
-1.0461458855203898,1.0375042660994798,1.706361838311186,-0.4650884004124584,0.2737235729452815,1.4644944809293736,1.5615078256977433,0.6736678617737036,1.1296387135540167,-0.42302559895133013,0.8833664267863296,0.5182226734660215,6
-0.6189979061757996,1.331082052154552,1.162150271138242,-0.43504758445545433,0.05422942697561214,1.9244707874320441,1.1929077420048821,0.41664993560049646,0.7213375260820482,-0.5383707868711316,0.8493070569984131,0.8978308158420251,6
-0.4807104671273512,1.0124133169994771,0.8163715603034275,-0.5579961436368578,-0.04064750706022955,0.5790477977915852,1.2858319613688984,0.2867551745089249,0.35922192730282676,-1.5893480496537973,0.9291066041363689,1.5657680798572444,6
-0.37993024758368654,1.0864866677701563,0.7839803724399478,-0.59089064388337,-0.26580800908906127,1.1230231212949482,1.2863073871665853,0.0988896266446679,0.33544637489072304,-0.9783441725335326,0.7818975584918914,1.6451966177083897,6
-0.25073325156299103,1.9794793140623421,-0.07792794468668578,-0.6641198849921316,-0.33483809368861633,1.3291820823144016,0.8608217446197123,0.02729358925825603,0.15768355529168893,-1.032691334588243,1.1262460520928497,1.043768121721843,6
-0.7043774678892079,1.5969229661006825,-0.399880294332726,-0.6829588541507324,-0.09103094757365955,0.8833034675902757,0.7026503139009334,0.3240765131465228,0.7101478538072274,-1.4664189331051238,1.4476418319126796,1.4084929485066078,6
0.058875931268535686,0.9581063657907197,-0.5069729260207508,-0.7399626729053329,-0.5963271169038785,1.2169597058577968,0.4401287880731073,-0.24541770592540366,0.09325279947071406,-1.4574387879181456,0.6919610598133248,1.2398109745951835,6
-0.3754965398070003,0.7090149210466749,-0.5667137270862259,-0.733301352159523,-0.389691309656094,0.9201948531224876,0.5083633267104968,-0.01517424349702681,0.3658865607683007,-1.0037926461428481,1.195112641811094,1.6465215164161013,6
-0.052095844634810255,0.7283909606127865,-0.6151909690476005,-0.5330207772147314,-0.22055516214790352,1.2168928878848568,0.33576482255312107,0.2536917266881164,0.6717917860849226,-1.051818438938118,0.45043520209401633,1.0594726642104806,6
-0.7291784547917409,1.113927493405966,-0.540225883105574,-0.6777282538403873,-0.0002321827464061044,1.061792223513806,0.581741093553824,0.43617805099874035,0.7791152860030968,-0.8729097798551775,1.247315994894836,1.5803783860178033,6
0.38386013658843615,0.631442293614464,-0.652144590018402,-0.565129446031363,-0.408814759225767,1.3763507084464102,0.09029626846506826,-0.07819631689087277,0.262541705457247,-1.4466977968055874,0.5336798275314795,1.125639788084654,6
-0.21194607451761388,1.1075536140642757,0.08218349008500482,-0.44747259294722763,-0.3263361262054183,2.1073647268401934,0.6188705271715682,-0.12156862086313762,0.07291675176594674,-1.4500713428839365,0.2308572084502514,0.5630881791564686,6
0.1674993590592927,1.0315670461192772,-0.4955582354630002,-0.5567864692568175,-0.32902675861974146,0.9851149074670862,0.44479673018333876,0.01656158867780161,0.1398790060965736,-0.660753442321398,0.8982974086399912,1.1428774276493583,6
0.06585779202836758,0.9231069849803126,0.6506364205432387,-0.67028859675739,-0.2737326777912748,2.0031908843998996,0.327830847708802,-0.29415865484057757,-0.6447896875856967,0.043980514552963534,1.282719754573872,1.0639071556282833,6
-0.5203354674639076,0.44091305474326165,-1.249167489696805,-0.6324456535479058,0.3954614528867162,1.104617681404724,-0.5261737465766405,0.6690238516654541,0.7554006688671008,-0.9129829095552612,0.31826046192771107,0.14042092437137607,6
-0.5167615992131945,1.24022775351253,-0.23657178944525903,-0.30953208677096095,0.31301561955943963,0.6438500051632452,0.6574214084853264,0.6993315713924149,0.8458446325932073,-0.7883704610061458,1.0799471837134653,1.1614967472949616,6
-0.5375743301032864,0.816006508389039,0.9664335151586578,-0.6282123629879403,-0.17240473837719186,1.5903449022621796,1.09059587883656,0.0859255392012508,0.19207779409881953,-0.7289746310703231,1.043793630765801,1.3331578314679895,6
-0.8513397558346508,0.6278363324357226,2.476099164843406,-0.2284325414170934,0.41536037105809887,1.2994720980032246,1.4700032778188434,0.6315385445616195,0.6143104435172477,-0.7897532756239235,1.1985192800049984,1.6709118883547756,6
-0.6073534291158812,1.283337974788124,-1.3710769150324722,-0.8181928996962814,0.29897696431286674,1.9470289073080695,-0.5654688203414918,0.5869126752184488,0.7305833177181594,-0.6359797745183131,1.885152075777912,1.2963324343927598,6
-0.08013140849843202,0.8535020129379506,1.733963743536613,0.9775296895927241,-0.08238453957746603,1.1129077326763244,1.0381537510311112,-0.08475505554033702,-0.1871346241637275,-0.3901117616266721,0.4591179348703568,1.1517024383777805,6
-0.6375586476795562,1.435095169456717,-0.5169285581797031,-0.4397085797412124,0.015104630950687991,2.0053853715363275,0.435482439897604,0.4754088288721904,0.8246107047423383,-0.3429295666428416,0.5700991663521698,1.1356502294677902,6
-0.5578306232783936,0.7603164554944678,0.2778123399670533,-0.6670603394990702,0.11239353644197995,1.5795287954223933,1.0225298806601504,0.5308989314298773,0.7523908399208711,-0.8832993020641863,1.4943811140734002,1.147245674131775,6
-0.9264464820749965,1.896736590796072,2.112206008606363,-0.3596011776709653,0.5798781171058993,1.1705882727740076,1.4253153982595663,0.8411748732978094,0.8558225367472762,-0.32674110937077094,1.6379210305171414,2.1634886757014082,6
-0.5536962458172205,1.1480201170626296,-0.053264418842863016,-0.3532856743914455,0.04086135433771491,1.105540826031764,0.6947015705615136,0.476741733823533,0.709881790010688,-1.2595619159580447,1.9105926669871616,1.0330585238345078,6
-0.765045314008286,1.4485562813298056,0.13747017907495818,-0.0048366956451738755,0.48401413542322713,1.1610451293647848,0.7084910541389904,0.8618084535168092,0.9015606876414978,-0.5939483919337679,1.849843951702267,1.6913706759536613,6
0.10597031624908283,1.700931918909639,0.9066366491990866,-0.5329556252338096,-0.5167181429730299,0.38389447132132554,1.2509744312119955,-0.23617200015180445,-0.08980454570019147,-1.2227250530016016,1.101236665936342,1.6147609413559791,6
-0.3680220280946331,1.6468749597785235,0.011199849550204205,-0.4296878362386936,-0.2856839629559335,1.1291432994183566,0.8666160239704798,0.11148346271271196,0.2460091296401005,-1.0170005601813148,1.140663119303912,0.7661346416055087,6
-0.16700415347844608,0.9623296518451697,1.1845072141108308,-0.5450327986673192,-0.19408231439773954,2.006604064124538,1.1490386258182435,0.09123600178517169,0.1935207581864106,-1.3621804523091654,0.4051605301986412,0.8541469171447972,6
-0.5618808564997401,1.2465406352772157,1.5064939949146585,0.3206326812251073,0.06250121722945563,0.5491455842357055,1.4447870004547487,0.32766795148764094,0.44669186621872603,0.02364909494189186,0.9498737233417885,0.9072894072800226,6
-0.4943009682284282,0.7634016100518775,0.3208808431507163,-0.24635096015323904,0.026309865958496794,0.8151730888045637,0.9771219471562993,0.4649201363384098,0.6213083951094066,-0.23348050803802825,1.1889991443127543,0.5284855720993065,6
-0.43137223575141975,0.6818902294394772,-0.6485407447199183,-0.7457582540185519,0.01126178671390566,1.081971791648701,0.4810786317991369,0.39256243897980164,0.5972055148301357,-1.351813991096576,1.1044712107343937,1.0444170926689322,6
-1.2238684725793336,1.6879313509914444,2.076723634054816,-0.5219361048915224,0.8634253409223941,1.0118518221700872,1.6700353792415603,1.3326677061893706,1.5873714352537485,-1.2471682603481373,1.1202395955039586,1.8693880238114349,6
0.3953134041571352,0.5236133981668731,0.03727947102071937,0.08220189179553554,-0.4857266445278886,1.9169269002086642,0.14836080227019394,-0.2698490073946592,-0.29911973216025073,0.16054643812931826,0.6709309426985823,0.6615812064426697,6
0.5707131276492441,0.9458274800486506,2.058753616694988,0.30998056630797666,-0.979658738893563,2.246791863878613,0.5369880629779843,-0.8171916156085561,-1.0598947451562934,1.3754552690949973,1.1358597957785184,0.6899962688785142,6
-0.33033792473085827,0.5889249001957011,0.239540432233716,-0.7363418797788561,-0.04775152934903268,0.9716473938214701,0.5087752479792507,0.07007349102992429,-0.08500397505553034,-0.661846968209219,2.107712007811481,1.5866901996376799,6
-0.1732327875753113,0.016202114212413143,-0.22649183947765916,-0.5512388620329626,0.04011284606891134,0.6600526131746893,0.4777535649994983,0.28312671103026943,0.16931623256647454,-1.3141540558228897,1.152444209075597,1.10063189481468,6
-0.16627807011864898,-0.45125612425936196,0.5393931584890376,-0.44701184980880276,-0.33717485140499304,0.8515342530097275,0.7644329660283463,-0.11436987626481428,-0.15680170067978627,-1.4801635284477048,0.5785819260956266,0.14275163723511525,6
-0.7638692550003826,0.803512416336133,-0.591755020624072,-0.7226618520091251,0.04819103865834496,1.8312303584974172,0.39426253228549013,0.3836711166654878,0.6182018406576582,-0.6091114196634666,1.2228701153413422,1.1684150892193423,6
-0.17310928554588773,0.34473359413768667,-0.6149712799788871,-0.6703066945298685,-0.01508990565377329,0.7305275643909431,0.39721692981552764,0.45621393971178215,0.7050252736969765,-0.6111876941395527,0.665008209504532,0.9951225442783116,6
-0.6756799090204961,1.8431040425170078,0.8313350977173557,0.20201891702278457,0.16767770526870576,0.4208167744241252,1.0882956857246304,0.3937472433809954,0.34067828138867334,-0.8404850529833806,1.2562940828562046,1.7510661571575041,6
-0.37386492569422736,1.7090519457569049,0.8736311851046413,0.02873441081335074,0.08283752242823096,1.3662737416630801,0.9271145953637412,0.33795036111228505,0.40670724711658607,-0.5507708416057001,1.08919224032034,1.3208160080803533,6
0.1545859325761781,1.3845757023365823,0.8409625674255392,-0.09557611928820316,-0.24786203914278968,1.9288304650554875,0.6226716783639453,-0.2100586995772829,-0.30548877381578154,-0.41980478669743687,1.2854133499297795,1.3640282581322813,6
0.02011574673020022,1.6127442432575072,0.12393690586150184,0.3942575850567079,-0.24097661071057327,0.9893046885375919,0.4903610301184245,-0.05217822381287619,0.05412765605036437,-0.38913945689280655,0.9084228703907957,0.9526365031356535,6
-0.562883499959613,1.6833638818217675,0.5980656795615741,0.1949960454468086,-0.020965311718857408,1.0131743737818257,0.776842293823814,0.20659575174067166,0.24164927379660914,-0.14965620081621037,1.125662269390177,1.5456552380320394,6
-0.990894787141137,0.13269891233446107,0.8372700542782407,1.2286517380892519,2.217598747998255,-0.5565565510177285,0.4991599997122751,2.147093788681258,1.704095638542388,1.9158088255973882,-1.1369839688441374,-1.044410712664864,7
-0.7213400720207676,0.41883695375649105,2.0021521449983797,3.2450196692185513,2.2595377292480996,-1.2370819365054506,0.8518138107989003,2.2232756538169323,2.095298249351758,1.5489036637691032,-1.0960521249057829,-0.12573583577036562,7
-1.3548429930469537,0.4775793352031766,1.2837108448584171,0.9752444707874525,1.9511969124352748,-1.1638742322539568,0.8474840572477612,1.811212319553603,1.413405666658755,1.4960190035449297,-0.32340323966843376,-0.47467161714747275,7
0.4677808965525868,0.3807314734375342,-0.022631200579856722,-0.34148265124521165,-0.33323217580019565,-0.004971482863927549,0.18611739799407148,-0.5726776073122309,-0.5098740664530909,1.6325006209581545,-1.3366122826885973,-1.3164328768147904,7
-1.3338526846356786,0.06839080819884841,1.222619458776199,-0.130918165037194,1.1758461450497877,-1.1972944451038843,1.233347603650432,0.8981406920516247,0.7695981273748906,1.94625078972989,-1.2847505869531288,-0.3749646155735046,7
1.2518382804249566,-0.6810386512690183,0.13342375628367817,0.8027770480396437,0.3675503056070204,-0.6444196640006971,0.3091029989013449,0.11165272048431107,0.12256368344089484,1.1833227343833979,-0.9674201347007163,-0.38005753194144004,7
-0.4958874942987131,-0.053469244751106086,-0.5619379274458025,-0.43773428479588733,0.8191339320322228,-0.5356068051875543,-0.2454690599853237,0.2576692843206952,-0.1076279383226506,2.1383670006366935,0.020487689950226932,0.21547261250174268,7
0.3582128818115145,-1.556955283097483,-0.7087972514009235,-0.18439170154781265,0.1584681079715062,-1.3456752505503624,-0.7970570845646245,-0.28404021368217003,-0.32788700083754624,1.943738227763946,-2.0289055656516015,-0.07993200354926228,7
-1.1660227006112247,0.3049353698143065,0.984019609874133,-0.31883709433773333,1.4569168328531055,-0.709012712506479,0.9191261167895304,1.1789287565237787,0.9535832364303863,1.8605708570945885,-1.0762276922637446,-0.5159438369488233,7
-1.4869676054291112,0.9289059192889522,0.4389384274416778,0.06633800375646307,1.488721443469317,-0.4596661677984674,1.0901257816715648,1.5115520135481513,1.5049391900108189,1.491438135824176,-1.3523978176591238,-0.4778123249029719,7
-0.02787270849754016,-0.009942329184408419,0.8094569915984188,0.03522544184206314,0.3369663337309458,-0.11697095264171335,0.33249763228833645,-0.2434024805823026,-0.42200204754068654,1.5085683631390412,0.2726279168733602,-0.36280717870226814,7
-0.11865152559984203,-1.8761082018306687,-1.1436875007003453,-0.4993636822524468,0.6400258732240726,-2.1958832766085887,-0.9595356770285236,0.03401100706859427,-0.0028645709169035126,-0.25182583253545304,-2.567094839245818,-2.6770184290368,7
-1.098363357859689,0.08587286075046076,0.5077568661425305,-0.11295116444793174,0.7961831974763329,-0.9618795378050091,0.9350381823679252,0.6102332225615853,0.6661981114190259,0.3676256256403344,-0.664230028209924,-0.6405609416500535,7
0.06467313764112724,-0.2774387516662684,0.6428123208117258,-0.08875195162024367,1.2822371406423634,-0.2460342798826912,-0.1705474864683312,0.4140475973621602,-0.07319747431614357,0.9974283320153657,-0.2810609142024473,-0.13065851316942947,7
-0.7306835509525158,0.577886910944863,-0.8044237743199006,-0.7650231057393895,0.09251955267034563,-1.036703180401177,0.09166764297972034,-0.2755508785754034,-0.2857322559111814,1.1539373140277045,-0.1824157462367267,0.11412856761399079,7
-1.2043628425330046,0.09703211024474107,0.9939840783479154,0.8778387360926813,1.6782027356016807,-1.3084061903840405,0.9852094744348137,1.554622827114756,1.4044605191853703,1.7790320877990908,-0.8644962788398954,-0.6533752740068256,7
-1.0076207921467317,0.12237856325163438,0.23982928831851538,2.0305016921851275,1.8291281481540493,-0.9496435040146629,0.47375140261434573,1.8572610120392783,1.7974648626556122,1.7312636243319333,-0.9349789835298099,-0.8972526799110802,7
-1.4598499376010208,0.6925289172826143,0.18652239090132855,-0.5458409915121983,1.0507776788577872,-1.0491309031291665,0.9123124021495875,0.9783054041252405,0.8201109965240511,0.7464193348140131,-1.024823606131798,-0.31738654427695134,7
-1.304527753553032,0.38201609710746065,1.1671229834841526,0.18977194106696518,2.2099671176242213,-1.4398311397449717,0.9536626916245294,2.1342778017879898,1.7207409661645827,1.6662405007598045,-0.5092495337431414,-0.46530469799379676,7
-1.103427001384499,-0.027236489601231345,1.2193928327108177,0.7570684605894346,1.3343795097593594,-1.7273387315392876,1.1915538402165282,1.258003871692725,1.2978654818203732,0.8814201030196538,-0.9957558572481059,-1.620132821326591,7
-1.5573406903927423,0.4104123064794855,1.7852292998777322,1.2094736042880996,1.6898040062328439,-1.878356631657949,1.5763110467193264,1.8228329234349523,1.794033660507825,1.3646927865826344,-1.278693313389468,-0.7528685520215801,7
-1.2092382321707182,1.539718262528927,0.9551055118963979,2.031750782550246,1.4904857780544913,-1.295230682686654,1.2105861096186044,1.668570332538476,1.815444801329982,1.36093770778865,-0.6682858141827765,-0.49453095021561816,7
-1.2067416514635956,0.0998567390063909,0.9935064602963093,0.8806170400632402,1.6787407521975168,-1.3076493402628793,0.9858937048000554,1.5542896008769196,1.4031059182835997,1.7783132970661812,-0.8658044083061254,-0.6527096892505446,7
-1.1195638459151767,0.17801447773448664,1.216559422655388,1.155783637686231,1.996689991565974,-1.449606855325955,1.0002653764245988,2.084135186951762,2.174544192080753,1.5636589585935163,-0.5933929141947256,-1.0410669331151585,7
-1.2567025200550204,0.39546887999413055,1.166817368871227,1.608964246851103,1.7723403707208905,-1.5733102164752741,1.0340551244282974,1.7332744050375872,1.5350642640528351,1.841420933224696,-0.7832381028859936,-0.6317172045394639,7
-0.34354510207272376,-0.5944424244482519,0.8953900009733682,0.9520786889372517,1.8205521786997638,-1.3600308488983142,0.376227365813106,1.424791537687534,1.013765712241512,0.5426516701674147,-0.6559923220275924,-1.2200440964811854,7
-0.41839381613682586,-0.5371959534593106,0.9872233834011596,1.3224202196302584,1.1508630517035232,-2.215265074167053,0.7100573628102584,0.6224356500328061,0.4515362501083311,0.9658210933190092,-0.8258245779369952,-1.498422856018492,7
-0.781092434842374,-0.014793228862495528,0.41250108757078907,-0.08596715171918312,1.2944405839503887,-1.3114582048569214,0.6902352483455448,0.8786019980426557,0.6704661587455923,1.5360281419984037,-0.6121210434733434,-1.005666834539322,7
-1.1653485665177725,-0.3597695575601156,0.9707949982787166,0.49142759454462837,1.536426085282881,-1.2915038246973158,0.986963053611186,1.3223641393432761,1.0388814561195983,1.4968018217459098,-0.543728407584621,-0.46614552115635305,7
-1.1068694508090309,-0.2955415586762317,1.57327368249379,0.8929194791544875,1.7105805729748953,-1.4381718567673574,1.0378545892181934,1.490363056266091,1.0982923527552424,1.0970708407416059,-0.4815799655532881,-0.10595115969289293,7
-1.309463371164557,-0.25953718766638245,1.1009833193291991,0.9045696552580261,1.3928683495177747,-2.2021785814572645,1.2609271196345955,1.3213433034083195,1.2131216988996227,0.9239518524795532,-1.315179824393815,-1.0007873664269729,7
-1.3066321738477997,-0.15569003766711123,1.0282933559306053,0.8264312908334184,1.423737432946199,-2.264153221510322,1.2541725288686199,1.379726655999278,1.2693246004956884,0.9208239325754792,-1.3265436447070864,-0.9917285225476238,7
-1.1148939914009115,0.5873104241665911,-0.5022366612716804,-0.24911013415897298,2.2073334695974736,-1.513317282234107,0.3130041767118903,2.483974936522421,2.8265889147460763,1.2620957054098583,-1.1855730649218448,-0.9599279510323577,7
-0.5192954265641118,0.5415847786705602,0.13817190435269316,-0.15196580561663744,0.9291881516162198,-1.6062215801440352,0.7538912541403394,0.8715513539944818,0.8840071500863835,1.1510956317992445,-0.1620624284318414,-0.9751815777242328,7
-0.8164990642740594,-0.4636810122339399,0.8637215627229093,0.44407049957883304,1.8768536155171252,-1.988358117973186,0.8479604110657482,1.6922558419516223,1.312186702827093,1.3452872599409063,-1.2413260151211964,-1.0330468987227852,7
-1.4404264914448452,0.40568389189578513,2.309566166794138,1.8114000118906148,1.5392334114334303,-2.2424451787367508,1.6849538244610673,1.5376177103744104,1.3855481665832592,1.6217156328450972,-0.9844799802929167,-0.5588628121641528,7
-0.7581098984561003,0.19355293680837132,1.9148609330939026,1.1217923050795293,1.7476091815293802,-1.1712317135420467,1.001454110556935,1.4643714097149074,1.036714333927106,1.6295323085043276,-0.9601742339331891,-0.9589894380982035,7
-1.348700674654169,0.8959667377661278,1.6760956318141507,1.3751079962763322,1.3520237083780398,-1.553317594582728,1.489827493800495,1.3520106958999283,1.4466778064791388,1.6597015371142503,-0.5752715556467689,-0.8336956609782749,7
-1.3864078498256382,0.2675248699208993,1.38425713840945,0.863438414225801,1.4660549495074557,-1.4255632512429008,1.2849618475396463,1.4916959612174343,1.4885011611722843,1.4465266641893841,-0.9028056120483956,-0.5642823743743771,7
-1.0564509913649986,0.06411705828551115,2.2676492791932796,2.1141973526790845,2.4073803633043473,-1.3938917121717622,1.2480008845318915,2.5106647713814514,2.420304954313472,1.7187393903574815,-0.9663775630013912,-1.0428492851248725,7
0.16503700907339014,-1.0600648563253605,1.0422410218395541,0.7124629151685721,0.15652030003139356,-0.9830778849163547,0.6747576259909324,-0.477845651468483,-0.3357708141943786,1.1223443767712742,-1.514525755532841,-0.871162142698762,7
0.06845359658818954,-1.1816696503386137,-0.7238368115924441,-0.4990293345075131,0.6014859541681093,-1.6278473101389015,-0.6006063631612462,-0.042176147372442685,-0.20817839890835602,-0.6621344458661584,-0.8047693860456746,-0.07848618154679914,7
-1.1173587541248737,0.009282931230513835,1.4110756586200897,1.1412477270326917,1.3854834108553464,-0.7420147276928855,1.0721495893924544,1.1878571039756305,1.116333780957626,1.1532489493214846,-0.936651068984913,-0.6889856261690698,7
-1.1055330201182314,1.1598327020503683,1.8794236542180407,0.526216220045028,0.9181235332895152,0.0009640903477196904,0.9347707329046224,0.764009197364714,0.6992799871559867,1.0455612316688765,0.41048892022144645,0.20874172558211115,7
-1.3079210283599874,0.9476975824697456,1.3996938757175692,1.5390242696971188,1.471934961963709,-0.8891819434511524,0.9634903966679834,1.3460284915349736,1.3174796859946267,1.6577432721559686,-0.7302985161752694,-0.8662695479565032,7
-0.4597841867523317,0.41639055896630717,1.0879019169741366,0.6792898496040533,1.5140289301957026,-1.6424193314809665,0.7275195116727364,1.2120768332303864,0.8955078536537039,1.2118262225487868,-1.3007796835017804,-1.0306115561418365,7
-0.4459198398814956,0.44451632124992735,1.104778821249348,0.6891371847923311,1.5260789569954178,-1.657595596217137,0.7223196043774938,1.215816372121654,0.8887474484509635,1.2246988948979391,-1.3256140615731093,-1.0183558750680857,7
-1.093861399755143,0.6686184795223106,1.2935523666758528,1.4384676784074637,1.857670802703017,-1.6896973397753259,0.9928910078000402,1.7281913825842525,1.3258334485939376,2.0113833745551815,-0.5818933242733024,-0.9440938275234304,7
-1.5934414344049352,1.0553347887446216,0.39119612311377955,0.3117975551396691,2.2492054197632583,-2.0462714223518055,0.9169249224883399,2.420207071072466,2.585258324761702,1.9877166345802457,-0.46442055586338865,-0.8852589253851686,7
0.4333283542273262,-0.6864524924409071,0.25283223029189433,0.19658600701249182,0.6415824785345441,-0.8436243328661707,-0.2633361450175216,-0.19425954445958143,-0.2993201839831395,0.8268197879712088,-1.6728776162284975,-1.1689682953835308,7
-0.7815146640027961,0.4307743510554099,1.1803504897344272,0.9781846225179694,1.6200128811592154,-0.6407445554207698,0.6623249879221167,1.307178543647621,1.1793807895381099,1.2449226401812248,-0.9329898136695443,-0.9130036770191253,7
-1.5913713051498384,0.8353750763643936,1.2542051708378155,0.3320480129259314,2.296720484375295,-1.5702263839200408,1.3006039789552248,2.6074273236825007,2.732315749763632,2.1394362581460835,-0.9020163648691815,-1.1752859496463395,7
-1.3158441585553025,1.7645249550642217,2.9032141731383168,4.772046953643097,1.9642104894662624,-1.2743666055423606,1.0441380649904577,2.0356216781671743,2.041274444044908,2.53189759205911,-0.3445760498345241,-0.011720463465721677,7
0.14962881143669726,-1.2424877866798687,0.6284828651620038,1.714503574662256,0.9707915783123158,-3.305613651928085,-0.013973398217957473,0.6686112858471811,0.6099129241809808,-0.8010339664956249,-3.636834991405998,-3.3501209817728848,7
-0.973006596371481,0.14042184250572587,2.172228048243853,3.356791512044552,1.9991620265614367,-1.1865381922793912,0.9743335954090152,1.9623330630647715,1.8097915844897026,1.8483380247686136,-1.5196995571924987,-1.0492981005360833,7
-1.1907373567300643,0.664483872676196,1.6742901289339,3.846322632643677,2.1261185898860457,-2.5647409508027317,0.8818900007521094,2.342348496136888,2.4297242830867716,1.8099702014215808,-0.7902990940730082,-0.5606733827956933,7
-0.8052356490314218,1.1563827868818748,1.8144826818749016,3.329533651804949,1.862125472951058,-0.5978241835898538,0.6399659852753468,1.9029235852334934,2.068302483410569,1.7299203635488525,-0.8502308008189063,-0.6219677567307627,7
-1.314097698110895,1.7111355396975154,3.022857571240816,5.116385219487468,1.9702770220275845,-1.1796546803501156,1.0466845526943294,2.0396468395480154,2.054487052452082,2.624359630929443,-0.29113551673660787,-0.023177013625932722,7
-0.6303732121459491,-0.47503685030471127,0.5564461796598333,0.9147556321114002,0.7342558139589298,-1.2170612786799642,0.5665259113486355,0.7469458982653815,1.0292515907592015,0.8073086938833045,-1.2024942532513667,-1.228559438424353,7
-0.8277724320611929,1.1853985258613076,1.8425478842278997,3.35953631793282,1.8657746939191537,-0.5220307498572344,0.6646353593212102,1.945126952720652,2.1320813655453565,1.7320454041843834,-0.7873082341993546,-0.6332959274563087,7
-0.973006596371481,0.14042184250572587,2.172228048243853,3.356791512044552,1.9991620265614367,-1.1865381922793912,0.9743335954090152,1.9623330630647715,1.8097915844897026,1.8483380247686136,-1.5196995571924987,-1.0492981005360833,7
-1.0452389976022551,0.9416443691051593,1.3699703408313226,1.2774992087031238,1.2656255762941035,-0.21388985206685587,0.7918997724502382,0.9499547273823943,1.04407104710965,1.9362036810593442,-1.7287601098371825,-0.990926653892454,7
-0.7982456452806388,-0.6000222329230342,4.0663399701107945,1.1402502713991272,0.7261061002112752,-0.48612782607206195,1.3726728579841163,0.5766196869830795,0.3709643448809869,1.1775513517778384,-0.08636000516491753,-0.39467316255062945,7
-0.23730576107706255,-0.7613222412952882,-0.07242688165402274,-0.49016395830503495,0.09820383972384479,-1.5665970813718773,0.18511025647919616,-0.49354959908966006,-0.5253221090949235,1.0552278821937764,-1.0530652982670206,-0.6447180646630727,7
-0.5101526572796924,-0.39672649514900993,0.58232576524462,2.5443226383374142,1.224039564904787,-2.0477824870963643,0.5601324901175744,1.6139741225870465,2.019642718254933,-0.1403326761851603,-1.7563618967155517,-0.7347749093581881,7
-0.715369299304017,-0.4030631390220065,0.039940268236446155,0.8321618025411035,0.8390530708642525,-1.1972786561309434,0.3286005058352308,0.587568549083395,0.4428087467045031,0.8325514996260162,-0.7321185918127564,-1.3470274645388964,7
-0.5486325118147337,-0.2995441265905977,1.7129043676917852,0.9938161434159595,1.8561475404980585,-1.2134813241765054,0.8078971460452653,1.4408763152948092,0.8977257165585746,1.4401516630209925,-0.32557092368944435,-0.6156731591467635,7
-1.628549336705622,0.8375488193344722,0.9218332825042294,1.3110330736617806,1.9539961256193945,-1.0882580192366282,0.9175026300933117,2.211930093814431,2.3566859312742334,0.7916347890178415,-0.7342203362680022,-0.710873927854146,7
-1.2231609371433696,0.3502696754337729,1.748395121507396,2.898155697514699,1.3083245030668536,-1.2496556021734373,1.149853687088394,1.3610554080697541,1.4818252493378798,0.6405013011233092,-1.1916839299065785,-1.2763907862710195,7
-1.1926328037496494,1.4467526883149628,1.2898143008021012,0.40076727812304813,0.5204950139650159,-0.21091756290220887,1.139847033786399,0.22670569072878763,0.17448923315899514,1.277293179748345,-0.5284474940443502,-0.31200435835783213,7
-0.5345540344411119,0.7167269500445389,0.5623587407331311,2.606410246620508,1.442831588393434,-1.2757745256693915,0.5255650810596965,1.4315195341085978,1.3137125467839412,0.29148913019565875,-1.5816687078125997,-0.9138800831755459,7
-1.628549336705622,0.8375488193344722,0.9218332825042294,1.3110330736617806,1.9539961256193945,-1.0882580192366282,0.9175026300933117,2.211930093814431,2.3566859312742334,0.7916347890178415,-0.7342203362680022,-0.710873927854146,7
-1.191562211554174,1.2476923626197327,1.5766878517239322,0.5056356809088648,0.6005575475610251,-1.8727653361007655,1.5376879993538333,0.49352998904401696,0.5114135418024559,0.5720126772588353,-1.251917837555652,-0.8141967462425649,7
-1.4574409694446857,0.5478838196195801,1.9646432073455669,1.7004053410888347,1.9996064888544476,-1.393110248062366,1.3566777096420672,2.0983951542089847,2.0502353690343913,0.9294226730293143,-0.7283031536562332,-0.38431715775996267,7
-0.7731607092677215,-0.3604162788584771,1.2115431381363484,4.95030354414901,2.140552713469111,-1.3922891614353232,0.508179917967287,2.0438253907843675,1.7017067306459595,1.1216441434998814,-1.81733319288445,-1.7223351348324667,7
-1.2879153583508163,0.3738392371763994,0.8344492892940334,1.5076819555289145,1.8204875108886027,-0.03297103512925641,0.755089697560333,1.9598365109336853,2.0151766183592246,1.2499432485043893,-0.9981669305003944,-0.5393208238817117,7
-1.153120960828086,1.1845389254689025,1.743377618186311,1.4566440351297603,2.030299974686894,-0.7494860336680317,1.0602236703649983,2.037129130195479,1.8735047576245532,1.7754516326654304,-0.08388184336788321,-0.5322930965611379,7
-1.259595694580682,0.813274110903462,1.526171706290581,3.624020330320606,2.0891140310289935,-1.3742848695192087,1.1008470704770257,2.3871912269999194,2.562710137923142,1.3704012525115743,-0.6075102584109584,-0.7073870927010457,7
-1.0139394515324442,0.9330388113437448,1.410281609087403,2.7414942224089027,1.3822487794599867,-0.7352380164589017,1.0153442094966416,1.2980227560651836,1.2864553855309984,1.2298633024186743,-1.3957011880070576,-1.2511735857708577,7
0.11881844800846063,-0.3294780138375525,-1.4211923031182152,-0.7303031829615844,0.3461356604836515,-0.2762040054668006,-1.2851367883001372,-0.12040497368339409,-0.28954513735214793,0.37365265931300995,-0.9422534398043563,-0.9827872887603418,7
-1.0930128096203724,0.670245571516142,1.2924697657588788,1.4286352893643655,1.8581531237215605,-1.692230239232923,0.9933140054401196,1.7288208099223858,1.3259220651951382,2.00868318542465,-0.5770835715346416,-0.9504088501512159,7
-0.5130379904066605,-0.10832603154856454,-0.5893222765060964,-0.5047687918822026,0.8390356478175568,-1.2542819513474637,0.06771264499078734,0.3697443756461005,0.061600555141542945,0.2035858639552697,-1.3272452399971513,-1.129566295333029,7
-1.3856582422697608,1.0189328311183932,1.174555543058527,1.1605915896370258,2.0879288281203396,-0.7836392630944153,0.8230591017958139,1.894947312746886,1.3506918604507536,1.7401102330684386,-0.6081729911766773,-0.35487365465119924,7
-0.7983243608598315,-0.9879919321162032,0.18479900480889797,-0.2961012550063327,1.3284218735592288,-0.5815279223548817,0.3998223717552473,0.8916983181201351,0.40103510757314054,1.645297421421704,-0.7584471241163089,-0.9238632484694136,7
-0.550387477160801,0.370379768170544,0.7374774374421348,1.759171904902925,1.5292349675667987,-1.0289961804801528,0.31975657216102654,1.4337516209715606,1.482201444742346,1.0221106251478198,-1.5092651045796457,-1.607068631809486,7
-0.1317020257639648,0.7970200939081706,0.9821917115062951,0.39518851245288844,0.4240374670875537,-0.7086304152453102,0.6266270405855694,0.327154888867481,0.43867985970244083,1.9075674774632507,-1.0553837266406185,-0.7817604441640486,7
-1.7217502412274577,0.10833907676285207,0.024824989967844935,-0.42813084977784543,1.763861284748331,-1.5027951624684328,0.9386704139082319,1.9448254623149912,1.9439922692679998,1.1227968069586258,-1.1219468754022621,-1.05980418690814,7
-1.3864625888203643,-0.3235612488681125,0.9147514332184667,-0.23811001903280324,2.078507217422155,-1.0277456097754716,0.9727620079986199,2.1438937589369624,1.9361386205897069,1.3447006654644362,-0.9685850980066061,-0.8146285332167881,7
-0.7247442946266683,0.6438047141909043,1.584220505416299,3.82129485837547,1.7210104259471193,-0.9915223439385408,1.01434958128775,1.7042414079029826,1.8277103336636122,1.8041914296381112,-1.0031068389021143,-0.8525265724918087,7
-0.6267495811727578,0.7127944436041626,1.3661629555912291,2.354030685069313,1.5729171913840598,-0.7098237734358748,0.9656205225758584,1.5752035142801317,1.6735732493021056,1.2183180620744318,-1.106567656572146,-1.067801763980643,7
-1.388347465031326,-0.3139050139670499,0.9628933522670549,-0.22379483239067627,2.074222749172533,-1.0092643467946605,0.9957660745624761,2.151706062957333,1.9580293302137437,1.3880594076109707,-0.9663605564228025,-0.8317899098529918,7
-1.549479838998589,0.5604117175585367,2.047158848135004,1.528084682330158,1.906089991119202,-1.1008496951399087,1.357859069505566,2.092963037601726,2.08531470057876,1.402039768438939,-0.6155718920128789,-1.1490181503549,7
-1.3536972139016976,1.3300695903643522,1.4655743920875843,1.4509744090079644,1.417557095592509,-1.1145195237619914,1.1825417552511472,1.465974069239736,1.4917342357641936,1.8269251047945556,-0.3561575045083194,-0.49669650958027256,7
-1.6226299854687658,0.4494165824210521,1.7505437171634735,1.2242550390945,1.7135230952344136,-1.0833199729237846,1.240213137746495,1.7129952082778728,1.4767426369139807,0.9791298780876275,0.02191293078873541,-0.6091994612583798,7
-0.9168020140703186,-0.5613996205355767,1.0323534902448979,1.0901821714037756,1.1695347217019236,-0.9841786104633918,1.0207100228726573,0.9726035329444963,0.8445421046199109,1.67507770399044,-1.1650047064075169,-1.036165008638854,7
-0.8181180115120196,-0.15930249055585582,2.6321047602240957,1.8432501646933814,2.0219005167065163,-0.9601611212215136,1.0766169593732782,1.7868339111379725,1.180734682271061,1.6467979557856034,-1.0555776506371042,-1.199660893110885,7
-0.8566149060096063,-0.476420686901091,1.832514553438543,0.5083945246130479,1.7482850521031426,-0.7477954729151239,0.8529665517137851,1.4984662720813975,1.2912216904163738,2.4639560329840493,-0.6138325152520334,-0.28556058460527967,7
-0.7691570720501509,1.0818731442049905,1.1179892642709848,4.5565684061110465,2.0279427300448756,-1.3092769252263763,0.1897139855718785,1.9133382274921997,1.8252628796674417,1.0540486080354983,-0.8447429308239107,-0.855455038356923,7
-1.3392555591316617,0.24916386433196896,1.2512492711768055,0.708392774307178,1.6931735117129074,-1.6640749584664207,1.1733944088323274,1.880137257731967,1.999029850365346,0.9843432449489291,-0.18643337090034653,-0.7291787417827044,7
-0.4809042401527589,-0.22466849845168568,0.1107849653380522,-0.14242834833339482,1.8616205163196684,-1.5803929816410163,0.2510702971903888,1.4599442611265188,0.7861868642702285,1.3493406828299341,-1.1933713922487603,-1.4761847753390875,7
0.08898690225175936,-0.6096854494744772,-0.5594908776388169,-0.3519614679486186,0.08895764189932939,-0.0995287001349992,-0.14918316192401732,0.14513931273411707,-0.09650018729062157,-0.8481224686353628,1.0274005731592513,1.2711239900774194,8
0.2989498524276113,-0.3644504479271945,-0.7440291621321071,-0.39557253044987467,-0.4704472692007451,-0.5764026296291007,-0.4630822365709305,-0.634028260211536,-0.7873045175047878,-0.6313061194899746,0.7841199879819806,-0.015746109878265562,8
0.5200711129443817,-0.005225428199580442,-0.5846998173980306,-0.33467546658199615,-0.26547146544101136,0.7238190519146053,-0.44466003573977986,-0.4113961081997549,-0.5665973941044377,-0.8005039257925737,0.5141590125850805,0.5503025242609024,8
0.4168179876858036,0.15458258923795032,-0.558863270760478,-0.24705549336138294,-0.25596964000094696,-0.32976110219397703,-0.5654073514699918,-0.26593492142643,-0.38956107231788606,0.3558209189018194,1.4176798394470402,0.7494233290454699,8
0.4623857126591686,0.2821711475672724,-0.45354932830770134,-0.08687509563244439,-0.19267474386043362,-0.5273947382347756,-0.30982207887659236,-0.17026196603004906,-0.26917919427887005,-0.1666199180778689,0.792968815808025,0.8339701245811029,8
0.5778592053932546,-0.17123400857024448,-0.46529781827568145,-0.15105879755777046,-0.5293861390773642,0.147545553220116,-0.32166371769484553,-0.49316347979819936,-0.5645213452250055,-0.42059803667899626,1.011948833479356,0.5401706816253283,8
1.0809473611816371,-0.4448543183161513,-0.39277787776244427,-0.12853776433499456,-1.0228533614269488,0.12855255942049154,-0.627330453981555,-1.075145748830921,-1.0960477471928654,-0.17759924639949826,0.6718963384935815,0.5896352873608994,8
0.5240145825065925,0.08808469658489397,-0.6130669017826899,-0.4204435766321641,-0.41151859380798333,-0.3850935878822948,-0.4763759776912443,-0.5106605019372542,-0.6262829853595777,-0.7338886758571526,0.5745448701698337,0.8148206542693402,8
0.8264230993955115,-0.12225013707843421,-0.44031070048876075,-0.20722085106735225,-0.5312102808853297,0.2698761142012268,-0.49905100617574294,-0.582394061263091,-0.7140804326326677,0.10189887112130626,0.9140108789729805,0.12125663737132382,8
1.0383430817299186,0.052037945732386785,-0.6728982903102018,-0.32506080131122245,-0.4795413618369154,-1.0750768082980655,-0.8778726846465913,-0.8270350128881154,-0.8279537940198606,-0.9967853631626707,0.7000013781654791,0.6351112406088825,8
0.39870872979144123,-1.0276991500144543,-1.0539008982527502,-0.35503486882980845,-0.3914485041773621,0.9451195779502299,-0.8892273622750386,-0.09294290024144279,-0.07441519508655331,-0.2573066224384831,0.8721731749372497,-0.7875693411467575,8
0.0354067757748757,0.4861496172574073,-0.7990288232403295,-0.33861255096862214,0.10056020840434508,-0.33023561185985,-0.5408655053750653,-0.00962047286643152,-0.2894184781835263,-0.5438160797430236,0.47619809880409025,1.7176658048656295,8
0.008764417344517519,0.5927406783411272,-0.8421663410898227,-0.3411873066084175,0.11587380309056147,-0.6884904696280612,-0.46569895445623394,0.2210143981587686,0.13639966492083322,-0.3368135730635581,0.9877558137853556,0.9089170443865308,8
0.9021587962887568,-0.20202933348601973,-0.2926929007856581,-0.12319367791677396,-0.5081464260684289,-0.4173344304910691,-0.6185338194065244,-0.7217302324266733,-0.8298129213115539,-0.17562324499946766,1.1480964219225347,0.3101238159017296,8
0.49252503331459163,0.19907627965464122,-0.2538880718578973,0.2668061899821857,-0.3421928204518835,-0.08450690318353171,-0.6491263578590473,-0.49696649035381624,-0.6795539510218385,0.23265923643008934,0.8918604228683471,0.7758064977633404,8
0.23660409778424232,-0.2471748895750364,0.015697076748087964,-0.018333037217404192,0.1355184958339272,0.32948975288710697,-0.1325873649160257,-0.05122614884763112,-0.39023374513565645,-1.0266212215253967,0.9385437767875096,1.141075909536405,8
-0.052801872109486954,0.49788797627794795,0.8338411070732958,-0.18616112695617038,0.1145944422795038,0.5970112665077004,0.6829790675966434,0.1779435845921646,-0.11718026017642266,-1.1846047429669273,1.415488077557685,1.180284308046306,8
0.5081313770644251,0.5765087086628248,0.13517685067596985,0.14985331960360934,-0.5123781397225706,0.020791438314386748,-0.10248907211373014,-0.5042657317540266,-0.556734691462263,-0.021018702855337537,1.4307569099219095,0.8308002136109425,8
0.2295593550387331,0.1950521543636637,-0.37248451900325485,-0.10004842981298974,-0.2244952925712766,0.6087787940439383,-0.26280877004044695,-0.2237632897714466,-0.41191254957570445,-0.45753692341541163,0.8697365791445157,0.7605893765236654,8
0.918077740413431,0.1862469458983994,0.11952880356320014,0.44030423614429876,-0.33178071960702576,0.14427357374018074,-0.39966432286607,-0.4653417335915999,-0.6265023211011344,0.6590481738999149,1.3355520891657762,0.9723231978873396,8
0.6633990633914942,-0.09748328353817923,0.12812013918239695,-0.0628182427732093,-0.37390990147357667,-0.028518004452873624,-0.3310354254946409,-0.6207891288892703,-0.7890403768733747,-0.2807812679353887,1.693743160487467,0.5887564187664766,8
-0.27494839550543887,0.1382750462564117,0.3697704972542594,0.23665736541802568,-0.23271815882660585,0.24551402912406164,0.5633439891856314,-0.15851441881999997,-0.2732495527321028,-0.15586286878455785,0.850902363622809,0.801347505037132,8
-0.12015224867288386,0.9392808967238757,0.7820487235479812,-0.24435555343378332,-0.029508455767198537,0.6343979335104907,0.5296434309178853,-0.012524301510428642,-0.20035020450356075,-0.3866529743783111,1.237815628399759,1.4853872591109893,8
-0.12170936949806807,0.6091061567723108,-0.3504199361713464,-0.08308251817435237,0.17807775724035735,1.1289007615830675,-0.17211005312225955,0.3031784676593983,0.21302708915629434,-0.7034848649962143,1.378658316686404,1.3543551592844643,8
0.6254723290566053,-0.3676424094869095,-0.10910825271789562,-0.06509528661509538,-0.4246313226772243,0.4549706642258029,-0.2457074514366446,-0.4561224743448126,-0.5463163729646859,-0.5008650342803141,1.0133496585145252,0.2779042102792386,8
0.9099000663528328,-0.20044988819390488,-0.06130973114564559,-0.020593621032002015,-0.6528072022984666,0.027720215968367486,-0.32683658267811366,-0.6290721810869004,-0.6894450791303374,0.4399698549250709,0.829361204312919,0.792867388575479,8
0.6632855139065664,0.2940077396335111,0.052933612143716245,0.12420061480103262,-0.3579380720161898,0.7988586972660627,-0.27032234171004216,-0.3592911610740493,-0.505165469913564,0.680473505761051,1.3924989512809196,0.5513303244705211,8
0.15741124884391502,0.3076954489312146,-0.04627824551767735,0.5755095151772741,0.1430186293253031,0.23144983638316308,-0.32920682635464216,0.06729660571462635,-0.16211326025948603,-0.037062564057710176,0.7216234729065067,0.25361984935548876,8
0.7843069470124662,1.3304236947722239,-0.8833330560316353,-0.3554268817205096,-0.6380286690993164,1.1984551496393392,-1.1146602574421922,-0.6832135107771571,-0.7848176146139547,0.6914873169129291,1.0714100164359244,0.731740997649,8
0.37525480470678224,0.6127816894846639,-0.4114080287802028,-0.3357565986084643,-0.21977868516162355,0.9310994502516835,-0.5739234844252387,-0.5317066479745276,-0.8621507014125539,-0.01706621710247167,1.3007422502392427,1.1774706667358599,8
0.52248204145039,1.3352303773312377,-0.7673419506089312,-0.46377633255162837,-0.10384276475997237,0.8689309396211483,-0.9456109818911727,-0.3200921190327746,-0.5425110462787341,-0.05394695632121284,1.4866589615183896,0.6310248935701195,8
0.6697905573073791,1.3644908415292551,-0.5924206388912069,-0.32524026515389703,-0.4186695259866244,0.4591611657057198,-0.817333928976458,-0.6548522554235858,-0.8698503973762473,0.4459366523091925,1.735409446997334,1.0518742840893713,8
0.46092449817185166,1.3231091299056448,-1.0198729506522282,-0.4014696792900063,-0.7453267932952267,0.15513788797643638,-0.9908190417755194,-0.7963887776179563,-0.9663389681548015,0.8188591887540608,0.9181891072426471,0.6744483053280602,8
0.5583605119688466,0.8313812048917293,-0.8628946598290235,-0.47262990047366055,-0.34190728186922276,0.30216312304647075,-1.0462497940962725,-0.6429936328009249,-0.8195799576749,-0.358549467725694,1.6821881492269772,1.1662696327549933,8
0.868706635481438,1.1233737888552502,-0.7370602043858151,-0.3282805533046058,-0.9427238962413792,0.2952632218030781,-0.9418593849870859,-1.1086746555236267,-1.2727351222735805,0.7693712201213969,0.3756523844303621,0.9377198260978786,8
0.3612723844671566,0.9757853743741054,-0.877763359208781,-0.32020140489386956,-0.4032541946130792,0.23371732500664777,-0.7868743069798412,-0.4997804008066509,-0.7029216235870707,0.5600366671605279,0.8468733336531309,0.6613350582339859,8
-0.02056301695386614,0.6834522818481894,-0.7749427810407215,0.033612056391392815,-0.14511141364859895,0.5500590033356878,-0.9192308573047289,-0.28832984033113424,-0.5466691527530284,0.23502741965509727,1.4885219971420287,0.9065290721919173,8
0.6488099903260195,1.7040479397108341,-0.6779777087752012,-0.08069019909119002,-0.33166381356210906,0.5840102779903104,-0.9769976263167436,-0.4667698460394672,-0.6883739974728021,1.4144410667769791,1.2301633439048227,1.612216294631644,8
0.6846858973102883,-0.06045603950510725,-0.8390062920861808,-0.4494933503107175,-0.4602194850594994,-0.24718327286031527,-0.9525187459002532,-0.5584916903300827,-0.7005565758656592,0.39635218970616903,0.33767339112717637,0.5157344257487246,8
1.520117561888594,1.5771521570753633,-0.4117902755717436,0.18915182743021428,-0.19993530511110014,0.41560809430893403,-1.5559086640649626,-1.2225269534508225,-1.243391355432864,1.0605602003308516,0.8615603264408996,1.1509066388293177,8
1.3477783966250285,-0.9346358326951697,-1.398260314105503,-0.5928639864592232,-0.7453853281704426,-0.40890660091947095,-1.51293034757943,-0.4661721545335081,-0.23739933473659547,-2.0543923605705157,-1.0725894418731134,-1.5644795143121004,8
0.06426206739423068,-0.06181390926147708,-0.1662814949241297,-0.5719050868964641,-0.07157651321318159,1.750603938157835,-0.32819398699469765,-0.28755760174821343,-0.3800576863613087,0.8781665538099004,0.07520401213541748,0.595025694152231,8
-0.7133082178166436,0.6707685828691728,-0.9077875573246434,-0.43367121789270896,0.5299242704458006,-1.1007625856352046,-0.3027557531194378,0.30140655036297054,0.38782279804502334,1.3191996948852605,0.09195181700224574,-0.5639127218994332,8
1.0458248316564644,-0.5398198291512605,-0.30802573521939297,-0.35019933669951064,-1.1373865279584316,0.2948770823583796,-0.20065695542908152,-1.1419390969482093,-1.0026836300152557,0.9418142760898022,-1.708535165088261,-0.43146739678468216,8
-0.809376359930001,0.8622328729509227,0.32868498499873255,0.08817002794398891,1.099202572125618,-0.4439802134034834,0.4027163980722044,0.6426196392959967,0.35350073841147883,1.2079152948847567,-0.44930666669405606,-0.34405075211463965,8
-1.0540246816538605,0.9663390789248212,-0.6039498054310873,-0.47666588264966225,1.651660204688804,0.05600523046310221,0.24129295471097062,2.1295756093207525,2.9055635774938513,1.3386345850575085,-0.13671417795978763,-0.39659823272561134,8
-0.7832850105539929,-0.6661376046263213,-0.569657042616115,-0.5309908815083323,0.6649956026215895,0.38623322044245595,-0.24477953092352897,0.4158618291014879,0.16737917068461716,0.8522834890824534,0.2015738739369383,-0.9165417635749775,8
-0.5566708502523922,-0.4451453429004144,-0.32874079948634816,-0.2533859978363411,0.127954141763573,0.9512664712559907,0.041872268985421415,0.11879857202900994,0.38510943600662284,0.05286843990190247,-0.8519640187144805,-0.6891642389566137,8
-0.666516933054828,0.13824185279583273,-0.1625295651771098,-0.4139877227186262,0.5845117232478835,0.8059553303129816,0.20785907754563354,0.6577840777702023,0.6578071050972844,0.5382240312977407,0.9486785317506575,0.263407466865055,8
-0.5880869617297056,-0.11251783893375746,0.030913058535703947,-0.2268386437579282,1.0662340189877437,-0.21154281823749074,0.22939178289152104,0.5574988480977454,0.16741415458862727,0.4904766487205039,-1.4570849591816377,-0.7977068236830355,8
-0.8070530439747802,0.9982208466278063,0.0024518978681525266,0.27038572293992463,0.8503935226443041,-0.7028344213571893,0.3946790437621807,0.8236038008836789,1.0515464561237806,0.9717999101910555,-0.665727114028223,-0.4728369574485192,8
-1.0399401724350903,2.3381515585589887,-0.20490527080802176,0.06244201438779916,1.205184025649679,-0.3524247620488229,-0.10400034818332224,1.970214128054854,2.8948164921945683,1.872169330911718,1.17943566845749,0.31577337135082495,8
-1.0816657628447455,1.5091986515606155,0.9004905351838073,1.466315539792424,1.919956682955822,-0.991275123442075,0.5906396107876232,1.7235738190028151,1.5183124479084853,1.0124334221041393,-0.5638226390777427,0.11700061535375944,8
0.24636226606997635,1.1082179732162285,-1.032894448886751,-0.3329490079003891,0.10457298285712795,-0.22992256352536247,-1.0657364242330911,-0.2624069547496621,-0.27631073967881126,0.9500499809204177,-0.5377775413022942,-0.44266303940284213,8
-0.14820726523711095,0.2156426336406192,-0.5178598752927712,-0.24015466820847745,0.91865076518318,-1.4175865780654116,-0.3760239536950585,0.5747261156633146,0.4751367438831148,1.7081896364817257,0.2162909429392005,-0.23240292409307672,8
-0.7005427223358055,1.0163425163423048,-0.2733476176676637,-0.6576165227055175,1.1345824079655673,-0.7489679392327478,0.14115118219571118,0.6494692897403973,0.45147337246945746,1.1571572569665494,-0.0665771216304298,-0.6880969307646071,8
-0.13173670887357117,-0.10212314139863778,-0.4623917371482844,-0.15911914630523274,0.4136919883731942,-0.9301913092491649,-0.1793167793699998,0.054374832714109186,-0.03988391664058624,1.0497550730858423,-0.24529015711958915,-0.49458749260996243,8
0.1461007852091157,-0.06944068863364798,-0.4193937721330086,-0.20765657386329373,0.634995470925204,-0.910340608010734,-0.32840932761920605,0.1276581585111496,-0.04577662064757044,1.4288964116882739,-0.3755979754098209,-0.8873903212902884,8
-0.27467967680405614,-0.08658247759305394,-0.6047217641766979,-0.41174010323990257,1.1113148045657772,-1.4519532287800263,-0.24782463495388074,0.7147393179132936,0.598978054175778,0.9508178324139831,-0.43361026207827935,-0.7578006547462268,8
-0.8777236497003796,-0.0362521274586519,-0.06773891193600762,-0.2984906013755366,0.9003045584875068,-1.2642569801990309,0.509026212608833,0.7154322169157772,0.655372575311496,0.3265520471316968,-0.4724966953249401,-0.7247327124663435,8
-0.14177837388130268,-0.9748746359030585,-1.599751449476469,-0.7458613604001892,0.10997372740582745,0.18022512516064648,-1.5663301324624543,0.1389402468493007,0.2697863742172373,0.985969709256629,0.19040622066367724,-1.3125009483454673,8
-1.0505611358509204,0.20541402589348737,0.763282523751886,-0.030698894206430943,1.2837645017890926,-0.4233264357733037,0.7027359811512301,1.2079458857422962,1.287233247161742,0.23077701239089235,-1.2528662859106863,-0.8372267263357084,8
-0.08289640631467984,0.8097752016972145,-1.1200436094128177,-0.5816877270209657,0.6697567433668051,0.02051594174850967,-1.2091037857396907,0.1348621924148355,-0.12498042526543034,1.637215520156006,-0.21598384302666296,0.4766005886379591,8
0.07636466309320693,0.45670628281347103,-0.5071768316029741,-0.22856989181202383,-0.2420303688010305,0.15836610258460782,-0.2400789584220953,-0.40185420132585625,-0.4073323653671683,0.6805596283199318,-1.2086134322817979,-0.577795480869199,8
-1.0483564059713266,0.4650859780608365,2.0849531378167354,1.174146367058642,1.697684371346366,-0.9903808552256221,0.7429399659811114,1.5259759492716107,1.2463424801411522,1.652115507640678,-0.11843772414619172,-0.005480917048084086,8
0.16373352733671637,-0.03450720480402081,2.5473478948231176,3.176754320927807,0.04186416130329789,-0.5627460685470177,0.7825432821876245,-0.13146491119632162,-0.1693851180771808,0.8280990695814999,-0.729520446195992,0.041954089166409754,8
0.33069394548489484,0.1267792077227567,-0.026414819180061135,-0.10960344812869041,-0.6769455856701789,0.20013694113084088,-0.02567204208026973,-0.834842027603123,-0.8007661271082374,1.152802918258794,0.03725306743675928,0.5557017254736705,8
-0.22011847071370685,0.21381564597274808,0.1407933952024504,-0.2983340384403936,0.22719817500784462,-0.8268381932312083,0.11549211940384468,-0.669075197543271,-0.6615465069919078,1.3918984839714958,-1.2128175463720285,-0.6427403617876242,8
-0.03486859329734337,-0.2487184467344965,-0.5410516976665729,-0.34799969352106025,0.13033497848700526,-0.23833970702401952,-0.5014194536839484,-0.12189126849024816,-0.13653979867902136,1.8770879637501912,0.7199338824186984,0.39169542042878996,8
-0.40431383080191685,-0.19890620854935046,-0.0779311440420554,-0.42761472607938056,0.8365377666024969,-0.14699383477406078,0.016616545769209828,0.4535058153661964,0.360711598751246,0.12707334145693067,-0.8846252753955568,1.1172127249262322,8
-0.5697769941880139,0.023064096655234095,0.27679936311693204,-0.34623219487174955,0.5532020271768894,-0.7714062310099512,0.07722814604355606,0.27482779091655213,0.12044967542347226,0.8377237478855339,-0.19895107447588162,-0.4744341677686881,8
-0.20387802924259713,0.37036531492940655,0.3041492810194385,0.5079881711300104,1.159041323147195,0.4194532795441522,0.027557206599193265,1.1562164792973264,1.2676962623598238,0.6353289369551184,-0.29208578994061163,0.4671557623813405,8
-0.7277967098642605,0.6616499350473729,0.18312528489982427,0.470161844841051,1.389032398032038,-1.7213638780044644,0.5016269969891388,1.2716767260547135,1.2397742624108978,0.10674404683819921,-1.5063076411318048,-0.6031926037609667,8
-0.8769874629999584,0.8665840334439123,0.934442856117402,-0.47940003631291284,0.8069850727769695,-0.34105285934787133,0.3853242997743255,0.3176976108793822,-0.06918529071245812,1.5476499907312762,0.2847460968018705,-0.1157533071161368,8
-0.8744963109534698,0.9280378674250342,0.934326612872306,-0.4788629109408344,0.803245791747507,-0.3433056396125328,0.38552826466612117,0.3119428466450136,-0.07534343635261474,1.5521242828418746,0.27818711649728,-0.11554472638163275,8
-0.7649403599026952,0.13349825006042823,0.6104808542484785,0.9863444470825216,0.15458378030437278,-1.0630403879488914,0.8053814925642725,0.17434685694568394,0.3899582584763653,0.31377364717000283,-0.7974759124793234,-0.19905530965235996,8
-0.0008694949311495244,0.7570826040324729,1.2167175622208,0.9858341311863272,0.602513253322093,0.026250640802514217,0.3874540963846744,0.30588130269962155,0.3548196622780816,1.7728209404434807,-0.2508417532061373,-0.2890745677549883,8
-0.3558793206254169,0.2056819007949113,-0.21838263147763756,-0.4216438374180027,-0.13028021374960397,0.6985356832680465,-0.07267477348073524,-0.47712630593918637,-0.5927566436572125,1.6691063909975956,0.03718480456790844,-0.3353908470895333,8
0.09706444768288604,0.9063782157591778,-0.5561972936360575,-0.5697284547260623,0.17498002571697002,0.9935718535857426,-0.3091445242702847,0.06805297638146007,0.15996584071212785,1.6483390581850896,0.8534247104203494,-0.14025580792812598,8
-0.8642040227798023,1.1945940943223825,-0.7649855492040845,-0.11370001311415948,-0.05433241005741721,-0.18076962970280475,-0.11070923644418916,0.4574199013344256,1.1180779790755568,1.8698231461869594,0.8972761690871819,-0.5617528024354826,8
-0.680907256822647,1.2012205379286982,0.9874800935820072,2.080955804593005,0.7632261039718851,-0.46858243495123236,0.41278306335361514,0.4368973965280367,0.4703836328070643,1.2385529997889642,-0.23404486328138524,0.3976748622732903,8
-0.5540866569944821,1.1586276936917927,0.7385242360490204,1.890609076317707,0.7351347949749897,-0.4327965176613517,0.2871386942648532,0.4705532465494418,0.5091923697686797,1.1232843236672316,-0.21981940521209747,0.45945070210454503,8
-0.5540866569944821,1.1586276936917927,0.7385242360490204,1.890609076317707,0.7351347949749897,-0.4327965176613517,0.2871386942648532,0.4705532465494418,0.5091923697686797,1.1232843236672316,-0.21981940521209747,0.45945070210454503,8
1.7934240846915692,-0.6387869280199803,-1.1285439309892615,-0.5446129853960812,-0.9607053402820914,-0.06439289230510549,-1.4104085522489944,-1.2765148932855674,-1.1676855515895532,0.7053394779189157,-0.6394459095206241,-1.274393515807875,8
0.14631642367318815,-0.6891625976393045,-0.25372787556403315,-0.4822031128997919,-0.23051545822683486,0.38521702293306415,-0.06368345421691117,-0.47791441243819427,-0.5782972342096815,0.2759511862037473,0.042059770312096394,-0.9495190573559044,8
1.255698058135726,0.20961734687755268,-0.17268477617102332,0.14266469169932253,-1.1267615965274693,1.4161891688138581,-0.3051880643902409,-0.7198472397176335,-0.5661103245014072,1.1819716256172423,-1.1447087995339777,-1.2761510522544923,8
-0.16231816377840746,3.488769676061511,3.353081168618836,3.1244623556402695,1.143940540348686,-1.9102839640975529,1.8622437606188549,1.9392928489058463,3.120379023696391,1.6023153824627592,-0.9387144662666791,-0.8118098351140159,8
-0.5975393154663912,0.10928956109529228,1.1716587552967273,2.710780306941352,1.5624783109779585,-1.0727929903945812,0.34245175764559493,1.4846770530014346,1.5285950274171556,0.5861640516749133,-0.8439369305173533,-1.5982210232416336,8
-1.6056740163668697,-0.04006116892388688,-0.16471289669148595,-0.36168334359779986,2.126433081765877,-2.1102991055580693,0.6912663487501073,2.3355200029139374,2.345253984877973,0.4280152034145471,-1.5018245870488947,-0.9626483542691004,8
2.0656527167664382,-0.11163484388832477,0.31300037382459606,0.2486065745256775,-1.5983475169131591,0.46598002089029117,-0.49724954913484826,-1.5988398727692086,-1.6066033251898537,1.2086803766439878,0.23763027057373792,-0.4108903433357835,8
-0.7401508335059452,1.1160110873465765,0.2040303299356323,1.4363808607337867,0.8236414904120858,-0.3765312818871699,0.1716806551826691,0.777639737283803,0.9304300953482633,1.402070194465629,0.1579281331978927,0.49372954062469276,8
-0.6005326186215242,0.23285472904420276,-0.944774771526826,-0.5826311508258233,-0.11909244770006396,-0.2926962780958861,-0.15386028445012215,-0.008308725136538552,0.1560175990824338,0.5934715139707909,-0.16849603485354225,0.07819905442683257,8
-0.2786692899816559,0.24582908515219884,-0.5896566091422206,-0.3701392284525065,-0.3578578623847528,-0.010257126717940483,0.06367386072927013,-0.16955848841684037,-0.044754958977238385,0.5916261754520454,0.010174420826333927,0.1332173372995342,8
0.3200501515351761,-0.09794297009741158,-0.3617666785150568,-0.354691437792224,0.5422863203506263,-1.632741951784687,-0.029307686340390205,0.021295516977213578,-0.12940920449335516,0.5185803968495234,-2.063271189028112,-1.159101212628963,8
-0.41526630442713,-0.16110681848126512,0.058549090218407054,-0.47871405504187975,-0.21465620816102443,-0.9004934518297522,0.46632241051534057,-0.4691341655364919,-0.2513968738393932,0.9285254517605981,-0.580363940317922,-0.6304542969437257,8
-1.1617243323600663,0.5597071832956252,0.47867152647739303,0.2961691721064129,1.0350172551095924,-0.4155668459652217,0.7530738977662205,0.7281106818696211,0.5794997495703117,1.1838159740827383,-0.8860653008900663,-0.951153630584363,8
1.1369123284342602,0.45982916277995234,0.4765541626237333,0.5601941479137874,-1.2622319907096802,2.0536852205471363,-0.22398289535642918,-0.8824457758653651,-0.7995575282924207,1.4877817605096317,0.11546195455649104,-0.5767735117433588,8
-0.12722383312930557,-1.3076559811482642,-0.306846391890052,-0.12286511044898162,-0.25023235324381937,0.11713827263248171,0.017166073488935462,-0.2767568401980468,-0.27295183453518745,0.30766388368189884,-1.0047230130124085,-1.2968096930805215,8
-0.41455771341826503,0.3838929362087467,0.12574438929507664,-0.23579826600293963,0.2953118099895819,-0.08636555946584792,0.09896697168322686,-0.06990268608251748,-0.24591006245011518,0.6888091866517474,0.0729450011821943,-0.151634068619245,8
-0.2862143742822648,0.6409882919305788,0.7502453029709754,-0.43039154369296023,-0.44914201093002465,1.2856697740834973,0.7725251034722233,0.09571075412182271,0.3699413008534808,0.6958937541544811,1.6005771860357634,0.3815887183675397,8
0.30524257487918316,0.10550011724515973,-0.026419237337476528,0.586228708834374,-0.276909642887075,0.2625751250178417,0.2784451996664176,-0.2191774620221835,-0.28794831413274136,-0.7874165084788549,0.7189682331724535,0.4777438156289314,9
0.6910559781758947,-0.1643172752902323,0.7548337879720206,0.51422352123317,-0.7551371391530379,0.314376163769759,0.33206501516901593,-0.826707075955642,-0.9404931231938081,-0.8945949644728302,1.1686116950734435,0.45786254430296347,9
0.7840355139807664,0.7099322119185362,0.2702946165997449,0.9637475546035474,-0.4921454978744525,0.3921639308905738,0.24033394052844012,-0.40870914107561934,-0.4572173426298211,-0.4192504776159545,0.5913299323697848,0.748004081490391,9
0.747378784641975,0.01583588378019753,0.31071222533430126,0.2567769962649886,-0.6469167488188001,-0.004269804096882628,-0.11989763528790381,-0.9720095835680923,-1.0913006957044746,-0.5238180907482493,1.462601876175852,0.9587405963448622,9
0.7922510378696739,-0.08569997248799854,1.185740184730177,-0.3384109018717764,-0.7618716216319377,1.0886301756368044,0.16524518365542282,-1.0377820957504238,-1.1968081815923712,-0.3660575123951431,1.7886707900645165,0.5983149033610079,9
1.3051478786469117,-0.02525357840820655,1.1104316251366844,0.012230811245505215,-1.23730573033659,-0.49801962423182694,0.8199043317106268,-1.0818472987251717,-0.9225831661165311,-0.674133770511108,0.23833140120318563,0.7660508078272503,9
1.0801240143188149,-0.42055841996381244,0.7496972991012377,0.1458726904625184,-1.1196813377328907,0.610604491595667,0.4604547277524376,-0.8369471711373868,-0.7353073648472651,-0.6413354796449511,-0.34598633704953424,0.6140898968126748,9
1.0376709833842042,-0.2412248086599238,0.3990730883840185,0.16113653068405942,-0.9755720900411762,0.1488263210859732,0.04057363928785315,-1.2049981954795925,-1.2857314818225427,-0.7551411347618815,0.46275631198661066,0.5893190705553359,9
0.4148926227142802,0.3679979230251019,1.9800551115620075,-0.5863744142623607,-0.7610227316534162,-0.854302241167136,1.2930766266831064,-0.7690906726422418,-0.6780875745491971,-1.2493906884167163,1.4667730078106376,0.5330586712462704,9
1.3369219801338115,-0.03202969879986281,-0.04031571356051155,0.2049034404670983,-1.2067619067537816,-0.863114769364609,-0.3400074858425562,-1.4010039842966926,-1.4266677986301892,0.11757567611836112,0.7630063164398946,0.13716488542606062,9
0.11097086667363525,0.23825497437061433,0.34422303522688946,-0.09889504432225464,-0.11479965411837761,0.5934759773877706,0.3550640524615676,-0.2421700724328469,-0.4812597814237818,-0.12675071519952866,0.49634950044987436,1.347339218400446,9
0.40288125867318103,-0.4350199900878505,-0.11382471193372565,-0.5796788907909517,-0.39066158749428465,1.0280212313144734,-0.2509938741727814,-0.7344721690448669,-0.9290673441413368,-0.28108890887192056,0.7172917376656746,1.4204451407879937,9
0.25120282180195486,-0.48836200372303024,-0.8372224229422389,-0.48082680138730505,-0.3332838431754454,0.557132283110842,-0.5994662952117519,-0.3726678143357396,-0.47316739122188445,0.221299727660677,0.790744612159216,0.950048362261823,9
0.621767871358419,0.752449237882016,0.04331589285189763,-0.3017118672510284,-0.008864261109748951,1.9196065230497876,-0.6654460438809334,-0.47402677299677787,-0.8451662463661462,0.6492848000020731,1.379378456159281,1.2134515125785765,9
1.1121253655716976,0.024466918441243952,-1.1765932515524378,-0.5289590039926276,-0.44556532750298916,0.7372336755025753,-1.1160395151400406,-0.37292699029850085,-0.3708395940027324,0.2883997897689983,0.22785921814821775,0.660609231690865,9
-0.19077912352115423,-0.428826408805097,-0.7396861895681153,0.012985302563227979,-0.2733996665816493,0.3187111073367319,-0.3033786243790215,-0.04627535902835813,0.18596810853854975,-0.32480845298495337,-0.46954702972709284,0.28705977654382725,9
-0.4807104671273512,1.0124133169994771,0.8163715603034275,-0.5579961436368578,-0.04064750706022955,0.5790477977915852,1.2858319613688984,0.2867551745089249,0.35922192730282676,-1.5893480496537973,0.9291066041363689,1.5657680798572444,9
-0.08602346563598944,0.49122319483708965,0.535905861136161,-0.5073255185623428,-0.3454978572078893,1.069353040358362,1.0290416893411265,-0.028281142185230774,0.15319855694796067,-1.3841616869960394,0.7507611574372718,1.0072597061844757,9
-0.23915180728487825,1.2453437109348695,0.1498925142238808,-0.240100030826927,-0.18986308243381325,0.5611184284542926,0.7677234466090532,0.013324533795968825,0.009449084639534944,-1.0197602732450142,1.0854812071803093,1.1427035466429134,9
-0.19779913570155291,0.6990687639271989,-0.283710786760602,-0.43807207318197666,-0.23561744332643195,0.6439786582773601,0.6021523512284994,0.0815883088040241,0.16589014199914714,-1.7741766234773524,0.979252271039749,0.8287646874145491,9
-0.007360966680377586,0.23509375656959047,0.32926970528009303,-0.2791044326475537,-0.23290571783269026,0.05362926018903146,0.8738285378717052,-0.08956303411482372,-0.02006597404366304,-2.0638953021684756,0.6110708274812291,0.46614794080302857,9
-0.03990427921988804,0.17273071573283663,0.4665208318343763,-0.14064012326176295,-0.34605515304781337,0.10156512234455424,0.8900439064288738,-0.20777900896605775,-0.06183944512026653,-2.5118171250890224,0.32901659486164925,0.35224335909017646,9
-0.1901492480914819,0.4533765255225715,0.6545918902318679,-0.21664710682844687,-0.24647314700130615,-0.1583471869326599,1.0966177726287099,0.014308344593388695,0.19564557346151387,-2.509034954719909,0.5712078465847571,0.3707048571076101,9
0.07692864061462734,-1.0354906718385757,0.07418144525483991,-0.37938794712997365,-0.06802947075906013,0.33288738377527516,0.5605057937673826,0.17469595109960728,0.12897362338812782,-2.427169262597156,0.7674271820354764,0.4798739296515354,9
-0.20038604328978002,0.3222890579870013,0.3917723117808213,-0.3958365239644593,-0.3759511497375601,0.6430779664103191,0.9185356064959004,-0.06763357408201746,0.16483570643882764,-1.985585712284211,0.6962265597952723,0.3593547959200103,9
-0.36748293193445153,0.44472920034397073,0.2785122370417196,-0.4160433268957398,-0.2422529365738782,0.94646019983138,0.9727887908640592,0.10303644204884525,0.42985340020115687,-1.720846801505537,0.5254141065381194,0.8717200830056103,9
-0.21572954938725072,0.055158988422451906,0.33271403986086306,-0.5156462275073292,-0.17584230355274807,0.6967098056139649,0.8536609503874779,0.01911103386251282,0.08492723274478461,-1.6358393806506446,1.1077875358010687,1.1749930296792093,9
-1.0856453480797852,0.2903053826854871,-0.7870242324925247,-0.7715878270441154,0.3756742091636282,-0.28190400480080535,0.211397529142051,0.5545093916588868,0.6524076528310493,-0.028570273646301516,0.2268814032421774,-0.03859731467825152,9
-0.24633859998364335,0.7838680119282194,0.12132409897631934,-0.5976366429367878,-0.32797784242621186,0.7455876030753513,0.5178538809810006,-0.3032774172854782,-0.2173498278311262,1.1801413914474608,0.5213511985852618,-0.08142533454578958,9
-1.1534521091267593,0.4865171950256618,0.7498389848390347,-0.5013563915092365,0.3634978242523118,0.26467661930603575,1.0191348630830417,0.38154481590977407,0.33909959590098127,0.239162678896865,0.36163712192753633,-0.4067716098841654,9
-1.0011122050368941,0.1395250066446273,-0.5234306385674155,-0.7028739595248436,1.1183521920674684,-0.10324901440551404,0.1307460788873853,1.118397945955657,1.0369972606839686,-0.005804928859695276,0.6116122838258647,0.010047545828749678,9
-0.72557126059658,-0.11758467983324873,-0.07128638763988397,0.00869793338183568,0.512914396165133,-0.8121024588503234,0.5533028594305468,0.4637564891586663,0.6101348519606816,-0.08567514451057198,-1.2789144572049083,-1.297457163240474,9
-1.0938471344413658,0.05506271513826371,1.3863677988518592,-0.1700606329061115,0.2510573313375574,-0.059683575980492856,1.178721754270091,0.0989196585937411,0.1985512569361286,0.8306082332500342,-0.3359971475851859,-0.5306576305077204,9
0.19334264880355312,-0.6779179760342369,-0.04492964105425817,-0.45754780868052136,-0.5595583550356888,-0.4281253830355616,0.25438073519690735,-0.7248562118958941,-0.7381185315817989,0.6621099860167128,-0.5613306810845657,-0.5979328514828891,9
-1.4648601389778115,0.5205240791162545,0.9166299118711956,-0.6256063663264524,0.7706832616353235,-0.15305067690335278,1.1623385936554105,0.7999108791641641,0.8186881164750989,0.8180951525876519,-0.00324801921272127,-0.011255315044962348,9
-0.5497202042912058,0.9610043631239066,-0.10263260509954651,-0.7129617569947151,0.3412951814107596,-0.2047024108046847,0.204831436262867,-0.1917100992748702,-0.46806782061879776,1.0438854458060067,-0.24902433880673033,0.2715862788009716,9
-1.5054678022871857,0.6015740583781005,1.3015943272730106,-0.44050289992095215,0.7200449174568176,-0.7438503308740256,1.4379685710725323,0.8414593163330826,0.9051286601331018,0.7614924282798207,-0.3654494495956548,0.40314374971678874,9
-1.2161716873732304,0.8935728890814354,-0.2663314313421059,-0.5693300560053763,0.3798197977277736,-0.33964764075613446,0.7323836352786973,0.3013325000878958,0.592971126676635,0.18288053020905476,-0.9241412055012461,-0.2731726574191779,9
-1.5141624808751073,0.4000161391232333,1.3478359815823056,0.3386525575876483,0.7433650089528235,-1.2444402582711878,1.2832836276031392,0.8191105400721488,0.8279008951461094,0.7973644505379932,-0.32247011666539127,0.15956073993786596,9
-1.305205039285574,0.7816604630720895,0.20501664549100648,-0.4339016307496152,0.9277837604786289,-1.4093447341902803,0.9348141203483372,0.5552403147079705,0.4984463504093862,1.41074007869711,-0.8792595857977543,-0.6140318620095674,9
-1.3878259366201406,0.4570198446551009,0.1832110580937811,0.02650162737928998,1.017210826539919,-0.05981433028872561,0.7845052468256098,0.9898942721744156,1.128427902454097,1.4015049465031222,-0.5987303693237533,-0.6834107468289545,9
-1.4256082836617778,0.28620470421051747,0.45427491828154914,-0.27547474890433105,0.8462422057876078,-1.1483414849272051,1.0889792674735332,0.7014420042320408,0.8445408515241524,1.3494160838365525,-0.37408022486661985,-0.8161265195211845,9
-1.1279640950617684,0.805525948802754,-0.18154859022253175,-0.30249096603429587,0.9298613800089742,-0.49660732161420784,0.7019645268564783,0.8291046784606492,0.8277008503263056,1.1888495134672463,-0.7288234299251001,-0.9197027797525872,9
-0.9657220877813039,0.5071836150611364,0.1367882593304638,0.09544574535720553,0.568509579946212,-1.0820841105779269,0.8222017307829426,0.47883629874707256,0.7504096360417366,1.8948817561447602,-0.7442386472804852,-0.9671014727494629,9
0.23375390015526648,-0.8248818390191041,0.20538198140416505,-0.5001298717500986,-0.2637322120248177,-1.2353166332760737,0.26080223652608553,-0.7096388803680638,-0.7693847621679892,0.9382206604922163,-0.33602409790098214,-0.6432590797059161,9
1.7297291570845235,-0.21475773952448773,-0.5159155813295818,-0.6148183598462413,-1.2803935193278568,2.582055695748456,-0.2807559841372788,-0.8445955066915202,-0.8956147256170426,0.8130145385858973,-0.8321134721457568,-2.0674887414426677,9
-0.8860726281632061,-0.21329281779562392,-0.1555630450349087,-0.4630902411800783,0.492973326831177,-1.2109394196012615,0.6134436640299945,0.29388515813753663,0.3166730864161906,0.4790023782908979,-0.7696057883187212,-1.6007414948661718,9
-1.5187348306125408,1.011669342536173,0.12301853852016774,-0.2958688328149916,0.8522341345746534,-0.26187548250590725,0.8603453608655868,0.882531951926972,1.111379317986887,0.5176785187083888,-1.0460917308630342,-0.8291487443533917,9
0.5344658097999333,-0.7000943923133097,0.22417240489091572,-0.6813126945286706,-1.0286642521396971,0.0904005774859516,0.510624004119319,-0.8820649458792672,-0.776538830435655,0.39367092025175743,-0.17303424837589879,-0.4385778776991423,9
0.7784280091381074,0.2154179959775141,-0.4545766260818579,-0.2022767047770553,0.17345361151710093,-0.3148500081554482,0.02120775157719544,-0.04879835768625711,-0.17376063106848644,1.2373279417048098,-1.2269144818491173,-0.22328604372365474,9
0.12748877302159378,0.1923148574743118,0.1579952625730609,0.559962028498868,0.1321678908031307,-0.46474337319601416,-0.004260019288265729,-0.48377496277981274,-0.6724326378777525,0.8350212611070341,-0.38636492226357705,-0.5042881218205375,9
-1.3743715139456225,-0.12458151836498907,0.469963795262845,-0.23719351480434686,1.5443942165026536,-0.6008685737297935,0.7807826879760794,1.371951377116445,1.1578694511648056,0.8004377267469905,-0.3537503935438392,-0.8961531325171859,9
0.5182295906204278,-0.46811656495696174,-0.2668378435920385,0.6917574669958971,0.391588441164125,-1.0342002379682853,-0.36622096592347236,-0.06988681816643037,-0.022005688647291504,-0.1347936904691754,-1.2811136274741761,-1.6959284983921759,9
-1.9369903019279386,0.3718559585280916,0.9035833977246873,-0.3198093369529099,1.3117030726502874,-0.9966475165960864,1.482966224606328,1.4911141376275623,1.6198392009184177,0.8483690387606668,-0.6407024870034717,-0.5320198481516146,9
-0.9567479688872472,-0.3943649825292362,-0.996022122012389,-0.6647712011153941,0.584091317716107,-1.1985698098991533,-0.11730845865022049,0.46819421635777936,0.6005893725946282,0.10047387057604652,-0.7293471446825343,-1.3278429503695404,9
-0.13652569232952666,0.6470460372436577,0.24825532391028174,-0.2062336898321251,0.013036281133742916,-1.4819181779888455,0.5250577134019981,-0.6063175894175487,-0.6848080077137391,0.3208517189575145,-1.4036874874503715,-1.0498467625034509,9
-1.8153220288278855,1.342098116573495,0.6833431257862645,-0.2737727325374932,1.2747340566772092,-0.4395314451494538,1.363703806218142,1.3621132691422488,1.5380125287322644,0.6762630145461465,-0.3695544304553041,-0.24119260418929336,9
-1.6328121924684664,0.1381543984384405,-0.1255927027344349,-0.5629845778601094,1.89797220208481,-1.8536621616850255,0.8576343740794617,1.9609261078383535,1.7969116391793778,0.6954997129612059,-0.40211548096219235,-0.4562970405149542,9
-0.7365389646307942,-0.9528440993713995,-0.6610269755660797,-0.7846617789930105,1.0405103259723667,-1.5518802577380506,0.02516530911565899,0.5884888882164653,0.32939777230782125,0.25980631542229204,-0.8177509814362757,-0.862583805932479,9
-0.48385471720733503,-0.4814727071041611,-1.2134265462912908,-0.7893911907400188,1.3008528886534325,-1.2121300762565324,-0.7442733854164081,0.680819002623765,0.31031835149159015,0.7220712933176243,-0.1480099085958926,-0.7396316285964784,9
-1.2950546502690339,0.3271308937681045,-0.419748595878524,-0.674812310461041,1.2320982929018887,-1.5493973667004526,0.6170137481463235,1.0354880843989185,0.830166233427663,0.8204204471888472,-0.6397970324280884,-0.9605316890198867,9
-0.12246938198682726,-0.9680076315713675,-0.6477271943545029,-0.7182509472951703,0.944410006386898,-0.752241479599742,-0.49005499691685334,0.07343219993509312,-0.18200536177430024,-0.14273089907461445,-0.5222814054125212,-1.0010157556398471,9
-0.6962631282026729,-0.7249231008262307,-1.072090513271139,-0.6220038085981003,1.8249366241666094,-0.9951802227267037,-0.6760948273584203,1.531064261030308,1.0398131471753955,0.565178617375849,-0.5562450128714246,-0.5651205209738875,9
1.301386721604326,-0.6023898697975275,-1.1845190755496786,-0.7393536326280771,0.12621925254741234,-0.6209374389517497,-1.5795714853400122,-0.6867996598129127,-0.686372975393349,0.34034928432997985,-0.5978030334574885,-0.5824941586187835,9
0.03484506019538597,-0.05553250616604836,-0.3619644291469498,-0.3852620023866691,-0.11725847082388498,0.34801177903379976,0.25672922527930125,0.07419914921265197,-0.02945410974127115,-2.092435156680051,1.2182665113975863,1.0975548032272893,9
0.06569538459773422,0.2018023079153094,-0.2463151215228993,-0.48242218540344944,-0.26318178919616125,0.9833689352235914,0.49167642405367484,0.09992633049571223,0.1282775535477577,-0.5184821866866,1.0924561854628967,1.4033092106190335,9
0.5997995897339301,-0.22768836845378768,-1.338190543132904,-0.6120827198260114,-0.12878114830452184,0.5609539950060606,-1.0035664483642373,0.0013389678446090463,0.009874861066600451,-1.7766476515021008,0.027679622499162636,0.8979439006307134,9
-0.22865111886131675,0.1731161763248717,-0.46658700613937903,-0.4149168059311474,0.18336298773741846,1.018255181226431,0.2081421736307727,0.40661612332788816,0.2958464130664434,-1.4131945155829126,0.26223168470836355,1.4499951615468296,9
-0.35617457944545455,0.28416826703124604,-0.6039767714263454,-0.6869136206803852,0.296902825582083,0.9998964478797353,0.23355845433763958,0.5271593925386104,0.37003607907094244,-2.1461279176845256,1.3828044411316107,1.344982504638547,9
-0.20800305734378946,-0.8248584443660762,-1.2771364676283057,-0.7647928332606423,0.19407072889555127,1.1075483669258426,-0.5868955118414675,0.5025958584352931,0.5113411704516206,-2.975199353928702,0.5006220970667022,0.8360493361100666,9
0.002240524427614207,-0.13301375971784662,-1.1690094386442087,-0.6620239372330842,0.004391632145473815,1.8010607529815434,-0.5757044851046763,0.3536225729012879,0.4321464298576262,-1.7247619791542472,0.8229550551095061,0.669275178101132,9
0.07145700308394679,0.9267781082292681,0.4589478053242503,-0.1485488911224753,-0.05244842907809424,0.654874670527733,0.6457249000675758,-0.0012210559508272923,-0.24779992821355584,-0.806099839570401,1.578641656587512,1.2913648289711404,9
0.09684383294656548,0.30263901926474684,0.5267322428396953,-0.19126277203600475,-0.05981708906864635,0.644824839165579,0.49050019324860966,-0.13539486508063794,-0.37596035242282233,-0.684934044080431,1.2793131163799671,0.9615439137692742,9
-0.26945489253609356,0.9758026447724137,0.5855833184119072,-0.24520751123416115,0.0855251870596212,0.7769590315923781,0.8265823857486145,0.21887222948696777,0.030109683985654237,-0.9037474030728498,1.4403378739131296,1.3849130016216118,9
-0.1826138147431113,0.19023591796728812,0.3499808084404001,-0.2983533335559939,0.005963943192258684,1.2371158006526923,0.6103187302963958,0.16422841578727637,-0.086816301808082,-0.2827630647690747,1.4830455915917151,0.8641698810193265,9
-0.06518479781175736,0.36381064758840165,-0.06026110433569166,-0.34926777622535743,0.21332900113691092,0.9293690268446593,0.3080662605239908,0.3297572271058173,0.1388128447133305,-0.6532085121314972,1.664706349552504,1.1863377377407174,9
0.4627040432869008,-0.4071872121500039,0.2283461924959572,-0.2030333705799884,-0.550248046177918,0.609124830698049,0.12110983540845592,-0.6305002935347678,-0.7584375207001562,-0.5096369060703074,1.3425644092652353,0.9823951046289936,9
-0.23056984880317644,0.9379671216014843,-0.03262949081040351,-0.3136252111152744,0.2052590107384285,0.4421431743084094,0.4047957622675272,0.26735400243938073,-0.02023485643277706,-0.870839240443646,1.039197714843166,1.4234988124487329,9
0.108613169201066,-0.2550423521576768,0.20609193359570752,-0.26375848496547616,-0.07319054189197191,0.32885279089888425,0.13518291400671734,-0.18257546891388193,-0.45332177365673315,-0.25902219153863204,1.6907095180435334,0.9321464571040535,9
-0.019920323853252674,-0.22966246072001653,-0.21583341558918243,-0.6226777200999596,-0.2577748590988982,0.7007599473268257,0.5302432513506564,-0.059477465213086486,-0.07547408924107424,-0.7438222906186166,1.1047021893030056,0.698405169644839,9
-0.4418462332601975,-0.12511873798896883,-0.4036411518047296,-0.5978474111089522,0.14442168200479083,0.7094682562960655,0.5644539713157145,0.4868284391497658,0.564247029057342,-0.9922041935964139,1.10775061640294,0.824406000085868,9
0.028167053634929072,-0.5287365204154992,-0.5667882263612612,-0.4360756480327389,-0.044963411020307265,0.33939316103632294,0.23014124410302836,0.3497613799866837,0.49072980284902823,-1.1273689194496892,0.7094576441437985,0.4051769817162854,9
-0.5665250756721223,0.04744659196930495,-0.5721725890980615,-0.5559247125104286,0.34287923961800265,0.47640806719361434,0.4897922434827907,0.8598355426166081,1.0805291620535065,-1.1562079632237157,1.2762183921858117,1.3217572023571302,9
-0.10269759677330391,-0.0009813196790840937,-0.4440761894085376,-0.6971106708932541,0.004992827190811133,1.335737807961331,0.2532518434058676,0.07436311767888852,-0.12054113328864083,-1.0388768733713891,1.0299856068982365,0.8836969379036331,9
-0.4310735086204212,-0.2706367869196973,-0.3656722382599204,-0.6234535709179763,0.25350512269192105,0.5536118824520878,0.5015446726076654,0.5192518810217153,0.5296614435989365,-1.053155010824855,1.5200996568154708,1.093924714596312,9
0.3703785102922964,-0.6981229947191573,-1.0334718868258894,-0.59853095915856,-0.3510868231302891,0.4875863598651582,-0.408826278120584,-0.04067398464950093,0.07467779631522535,-1.0259997820040745,0.5611032523198511,0.3483770637704,9
0.7392041265039514,0.14977762147025783,-0.8316072495680596,-0.2089755780566934,-0.20765490385249086,0.6716968306332829,-0.1559358567345407,0.1636465921974043,0.44543561799342446,-1.6163140817133748,0.22462154745146848,0.42708790035909944,9
-0.2613538229088865,0.17361873266713992,0.5318797009288889,-0.5565216775134848,-0.06594501081295247,0.4929332385191697,1.0165052028070996,0.15638437593473137,0.18456969483813626,-1.481573750637144,0.9237543896964645,1.7406865412571109,9
-0.0930499620499231,0.36041180870426703,-0.6293021067809108,-0.43347122030361795,-0.3117166493425622,0.5849677621326443,0.26499608998615964,0.2010684276368892,0.5426189399880653,-0.7186156556262057,0.5248963901268342,0.6255876469254851,9
0.70419469407532,-0.4338383763823027,-0.390386740499299,-0.4589013844362523,-0.8108690317000659,0.43103025879098195,-0.11742890171499415,-0.7574700687608923,-0.8280636017483964,-0.1965050376266642,0.908149227529152,0.7158907736574365,9
-0.1313188528008821,-1.5083594443846902,0.3627631472435318,-0.43097543425962526,0.013160457910880767,0.6476158252949354,0.5539585606555908,0.40661083402252557,0.409749145486531,-1.1766898709287015,1.2522204454672776,1.1001200977236925,9
-0.11318395956463698,0.7917842235784258,-0.3441597118145511,-0.7948649645571879,-0.226749997643693,0.7986691695566547,0.7007301600700235,0.11543986312384052,0.3801022849710807,-1.910968538067534,0.8419974385877088,1.3158048129177007,9
-0.3948115635466244,0.462643625278768,-0.3650274310377136,-0.7802664369871304,-0.26711556107118906,0.6394338954692148,0.7425983447447793,0.0726388041307226,0.3758944886571765,-1.8326469951013555,0.45153720811046566,0.5942893525400015,9
0.29858356863094526,-0.43357515591446644,-0.3824601090457033,-0.7074482203758392,-0.68636259826677,0.37932227292141624,0.29681151970529557,-0.5236669038235713,-0.3670393658011669,-1.2568286445603976,0.42792543660668114,0.8858259526235576,9
-0.5500922183407634,0.12814283427856238,-0.44062027620833466,-0.737438288252055,-0.061283255973812685,1.1850633990501922,0.5417432689325776,0.32590661280193767,0.5959012052859494,-1.2786587150194308,1.0843137262587117,1.2273790083878233,9
0.23810467006115582,-0.3287830334120029,-0.7827832584247213,-0.74472860224131,-0.2592854424776057,1.363301632600786,-0.09080489738513144,-0.20281764053605963,-0.27139804678716584,-1.8366344949325555,0.42966284489618484,0.7600538727314144,9
0.35390704915198445,0.24557799070870653,-0.8288335608128621,-0.6777191980728658,-0.3304960618773751,0.7687844259290105,0.021094792547101,-0.2691666870029002,-0.2732804292336026,-1.8233602956216568,0.6963444991082869,0.9543217819391857,9
0.32082765637486704,0.6511372843663592,-0.7500005304041032,-0.7512017144108842,-0.5995893182426689,0.9914411226822555,0.19498938183025422,-0.34389399316389563,-0.1744447014098144,-1.3730770749630063,0.6005487145308518,0.9559083146846323,9
1.4387701378610858,-0.19823621508305547,-0.7164127074572607,-0.5077368540937736,-0.8068333639970198,1.2191807280742237,-0.8033177290417601,-0.9892262725229366,-1.1230248126914506,-0.14964980169154923,0.5069365814029083,0.5204076092352973,9
1.3801271821584875,-0.2511147451210761,-1.1638790742537046,-0.7472699836618963,-0.8469349020016439,0.9993255234209232,-0.9047738976209792,-0.8422840802481202,-0.8280265953950221,-0.6981291598695761,0.8463332290484727,0.45529036721587096,9
